ts,uid,id.orig_h,id.orig_p,id.resp_h,id.resp_p,proto,service,duration,orig_bytes,resp_bytes,conn_state,local_orig,local_resp,missed_bytes,history,orig_pkts,orig_ip_bytes,resp_pkts,resp_ip_bytes,tunnel_parents
2024-12-16 10:00:00.261168002,C948dq1BkMtjMaxDE5,192.168.127.114,38190,192.168.127.134,53,udp,dns,0 days 00:00:00.007068,46,46,SF,T,T,0,Dd,1,74,1,74,
2024-12-16 10:00:00.273683071,CkH0NS2H7cWj2KiyA5,192.168.127.114,59015,192.168.127.134,53,udp,dns,0 days 00:00:00.006380,90,90,SF,T,T,0,Dd,1,118,1,118,
2024-12-16 10:00:00.310137987,Cpdyc42kZCsjBhx1zg,192.168.127.114,51824,192.168.127.134,53,udp,dns,0 days 00:00:00.004602,90,90,SF,T,T,0,Dd,1,118,1,118,
2024-12-16 10:00:01.044575930,CcXc0f3s4n73BzG4Z,192.168.127.114,41557,192.168.127.134,53,udp,dns,0 days 00:00:00.005956,46,46,SF,T,T,0,Dd,1,74,1,74,
2024-12-16 10:07:13.408482075,C1qIpj3PGdOtSbav7i,192.168.28.229,36781,192.168.28.1,53,udp,dns,0 days 00:00:00.004856,45,45,SF,T,T,0,Dd,1,73,1,73,
2024-12-16 10:07:13.413846016,CfQ9Of1ZedhNcqbnX9,192.168.28.229,39721,192.168.28.1,53,udp,dns,0 days 00:00:00.005078,41,41,SF,T,T,0,Dd,1,69,1,69,
2024-12-16 10:07:13.419317961,Ca0HuX3np3Xq8J3jb5,192.168.28.229,37012,192.168.28.1,53,udp,dns,0 days 00:00:00.004865,41,41,SF,T,T,0,Dd,1,69,1,69,
2024-12-16 10:07:13.424618006,CZjyMC3Am9Z7A7QoIf,192.168.28.229,47141,192.168.28.1,53,udp,dns,0 days 00:00:00.004970,41,41,SF,T,T,0,Dd,1,69,1,69,
2024-12-16 10:07:13.430010080,CL25y2IwXejLfUHli,192.168.28.229,43448,192.168.28.1,53,udp,dns,0 days 00:00:00.005860,41,41,SF,T,T,0,Dd,1,69,1,69,
2024-12-16 10:07:13.436300993,CMcaJK30ynexVfd7Nd,192.168.28.229,34527,192.168.28.1,53,udp,dns,0 days 00:00:00.005343,40,40,SF,T,T,0,Dd,1,68,1,68,
2024-12-16 10:07:13.442099094,CC9v3b2t4FOdcJp2oe,192.168.28.229,54978,192.168.28.1,53,udp,dns,0 days 00:00:00.005361,40,40,SF,T,T,0,Dd,1,68,1,68,
2024-12-16 10:07:13.447865963,C0hpfm3Xz4mck8o7u9,192.168.28.229,33633,192.168.28.1,53,udp,dns,0 days 00:00:00.005051,41,41,SF,T,T,0,Dd,1,69,1,69,
2024-12-16 10:07:13.489109993,CvQIj22vPhiXLo9PH5,192.168.28.229,37747,192.168.28.1,53,udp,dns,0 days 00:00:00.005192,38,84,SF,T,T,0,Dd,1,66,1,112,
2024-12-16 10:07:13.489226103,CguOr7nz11qVbbnac,192.168.28.229,41198,192.168.28.1,53,udp,dns,0 days 00:00:00.005103,38,38,SF,T,T,0,Dd,1,66,1,66,
2024-12-16 10:07:13.491699934,CtdOpP2tsotxZRKzt3,192.168.28.229,60390,192.168.28.1,53,udp,dns,0 days 00:00:00.005424,49,201,SF,T,T,0,Dd,1,77,1,229,
2024-12-16 10:07:13.801613092,CnHKY24iBuiYwpEY94,192.168.28.229,37191,192.168.28.1,53,udp,dns,0 days 00:00:00.008304,38,174,SF,T,T,0,Dd,1,66,1,202,
2024-12-16 10:07:14.673698902,C6jfptZRitt4iUMik,192.168.28.229,41335,192.168.28.1,53,udp,dns,0 days 00:00:00.006565,34,34,SF,T,T,0,Dd,1,62,1,62,
2024-12-16 10:07:14.836783886,CgYymG2MpFP8yw88P4,192.168.28.229,39251,192.168.28.1,53,udp,dns,0 days 00:00:00.007085,38,70,SF,T,T,0,Dd,1,66,1,98,
2024-12-16 10:07:14.925041914,CP5tY01wPgnZnMyTg9,192.168.28.229,55343,192.168.28.1,53,udp,dns,0 days 00:00:00.006136,34,34,SF,T,T,0,Dd,1,62,1,62,
2024-12-16 10:07:14.968221903,ClZzJv2Qfdbhkfxcog,192.168.28.229,60092,192.168.28.1,53,udp,dns,0 days 00:00:00.008530,31,183,SF,T,T,0,Dd,1,59,1,211,
2024-12-16 10:07:15.353636980,C6C9cA3L4jgSr0d9Yd,192.168.28.229,47079,192.168.28.1,53,udp,dns,0 days 00:00:00.006897,37,133,SF,T,T,0,Dd,1,65,1,161,
2024-12-16 10:07:15.386501074,Cg5s181ZkhFQ57xwc5,192.168.28.229,46420,192.168.28.1,53,udp,dns,0 days 00:00:00.005875,32,112,SF,T,T,0,Dd,1,60,1,140,
2024-12-16 10:07:15.836839914,Cg8yV54JVn1i5h7JGc,192.168.28.229,46656,192.168.28.1,53,udp,dns,0 days 00:00:00.009758,36,126,SF,T,T,0,Dd,1,64,1,154,
2024-12-16 10:06:25.909029007,CDTBFu1N1ax0BsmSj8,35.228.14.46,3,192.168.127.114,3,icmp,,0 days 00:00:00.009184,56,0,OTH,F,T,0,,2,112,0,0,
2024-12-16 10:07:16.675287962,CcWih71RTHKXk8MYF6,192.168.28.229,34089,192.168.28.1,53,udp,dns,0 days 00:00:00.006463,34,34,SF,T,T,0,Dd,1,62,1,62,
2024-12-16 10:07:16.928649902,CZFOKf1mGXSuifYYIe,192.168.28.229,48436,192.168.28.1,53,udp,dns,0 days 00:00:00.005640,34,215,SF,T,T,0,Dd,1,62,1,243,
2024-12-16 10:07:17.138138056,CWt6azJRR6Cn5AOjh,192.168.28.229,57654,192.168.28.1,53,udp,dns,0 days 00:00:00.006257,33,185,SF,T,T,0,Dd,1,61,1,213,
2024-12-16 10:07:17.138636112,CHSb2V26AzhXhFTq2d,192.168.28.229,53266,192.168.28.1,53,udp,dns,0 days 00:00:00.005729,33,185,SF,T,T,0,Dd,1,61,1,213,
2024-12-16 10:07:17.675915956,CjXQMO3WxsIo7SS14a,192.168.28.229,50856,192.168.28.1,53,udp,dns,0 days 00:00:00.005882,33,49,SF,T,T,0,Dd,1,61,1,77,
2024-12-16 10:07:19.068608999,Cy864A2xRvCLxe9R7k,192.168.28.229,38247,192.168.28.1,53,udp,dns,0 days 00:00:00.005663,42,42,SF,T,T,0,Dd,1,70,1,70,
2024-12-16 10:07:19.068733931,CbZZNi4X4GbJYNOHHb,192.168.28.229,58931,192.168.28.1,53,udp,dns,0 days 00:00:00.005543,49,49,SF,T,T,0,Dd,1,77,1,77,
2024-12-16 10:07:19.068835974,Ccdvk54iN9Wxhsq55d,192.168.28.229,50469,192.168.28.1,53,udp,dns,0 days 00:00:00.005439,48,48,SF,T,T,0,Dd,1,76,1,76,
2024-12-16 10:07:19.068953991,Cmf83A3cvruj5YFp15,192.168.28.229,45301,192.168.28.1,53,udp,dns,0 days 00:00:00.005300,50,50,SF,T,T,0,Dd,1,78,1,78,
2024-12-16 10:07:19.069228888,CxxjIm4FL09rwLgSJg,192.168.28.229,50657,192.168.28.1,53,udp,dns,0 days 00:00:00.005050,55,55,SF,T,T,0,Dd,1,83,1,83,
2024-12-16 10:07:19.069631100,CuTFlyD7O5Yo0RfM6,192.168.28.229,46899,192.168.28.1,53,udp,dns,0 days 00:00:00.005070,48,48,SF,T,T,0,Dd,1,76,1,76,
2024-12-16 10:07:19.069797993,CJp9Ni3FaaS0MzUr45,192.168.28.229,54628,192.168.28.1,53,udp,dns,0 days 00:00:00.007577,50,50,SF,T,T,0,Dd,1,78,1,78,
2024-12-16 10:07:19.177776098,CA9bdh4CQosgSXrUBh,192.168.28.229,59762,192.168.28.1,53,udp,dns,0 days 00:00:00.006074,44,44,SF,T,T,0,Dd,1,72,1,72,
2024-12-16 10:07:21.301419973,CNRoYHEI4lm9olOok,192.168.28.229,55857,192.168.28.1,53,udp,dns,0 days 00:00:00.005467,23,23,SF,T,T,0,Dd,1,51,1,51,
2024-12-16 10:07:21.855365992,CSQ5JN2rkg1cZaNvef,192.168.28.229,59746,192.168.28.1,53,udp,dns,0 days 00:00:00.005928,49,49,SF,T,T,0,Dd,1,77,1,77,
2024-12-16 10:07:21.855489016,CGvLKq9B82rew9Sk1,192.168.28.229,59065,192.168.28.1,53,udp,dns,0 days 00:00:00.005830,48,48,SF,T,T,0,Dd,1,76,1,76,
2024-12-16 10:07:21.855586052,CJCAQA1QYRDnNcQPS4,192.168.28.229,33760,192.168.28.1,53,udp,dns,0 days 00:00:00.005731,42,42,SF,T,T,0,Dd,1,70,1,70,
2024-12-16 10:07:21.855679035,Cj54CV3uCOAXSJf3Z6,192.168.28.229,35129,192.168.28.1,53,udp,dns,0 days 00:00:00.005642,50,50,SF,T,T,0,Dd,1,78,1,78,
2024-12-16 10:07:21.855794907,CUBwpi2ir19DAknjc9,192.168.28.229,57701,192.168.28.1,53,udp,dns,0 days 00:00:00.005517,50,50,SF,T,T,0,Dd,1,78,1,78,
2024-12-16 10:07:21.855894089,C7KLYj2pZGV4f2vHhk,192.168.28.229,49552,192.168.28.1,53,udp,dns,0 days 00:00:00.005421,55,55,SF,T,T,0,Dd,1,83,1,83,
2024-12-16 10:07:21.952507973,CtRKKM1cbfoP3Nljlc,192.168.28.229,35674,192.168.28.1,53,udp,dns,0 days 00:00:00.004078,44,44,SF,T,T,0,Dd,1,72,1,72,
2024-12-16 10:07:24.121185064,CGekUC4NOc2vn4r9Mj,192.168.28.229,45220,192.168.28.1,53,udp,dns,0 days 00:00:00.004525,49,49,SF,T,T,0,Dd,1,77,1,77,
2024-12-16 10:07:24.121328115,CvvkqL2Yw7AK4Zfnm1,192.168.28.229,36951,192.168.28.1,53,udp,dns,0 days 00:00:00.004732,55,55,SF,T,T,0,Dd,1,83,1,83,
2024-12-16 10:07:24.121484041,CXzDVh4RMPaNOLMd9,192.168.28.229,39714,192.168.28.1,53,udp,dns,0 days 00:00:00.004246,48,48,SF,T,T,0,Dd,1,76,1,76,
2024-12-16 10:07:24.121606112,C2mn3m2cc2X48ZP51,192.168.28.229,42569,192.168.28.1,53,udp,dns,0 days 00:00:00.004122,42,42,SF,T,T,0,Dd,1,70,1,70,
2024-12-16 10:07:24.121711969,CA7iK12iwyeC3Stu1l,192.168.28.229,33227,192.168.28.1,53,udp,dns,0 days 00:00:00.007227,50,50,SF,T,T,0,Dd,1,78,1,78,
2024-12-16 10:07:24.121861935,Ca5ggi3gTrSwEa2kj2,192.168.28.229,42440,192.168.28.1,53,udp,dns,0 days 00:00:00.003888,50,50,SF,T,T,0,Dd,1,78,1,78,
2024-12-16 10:07:24.232846975,CcXXh01gOhcJVg46qh,192.168.28.229,35483,192.168.28.1,53,udp,dns,0 days 00:00:00.004199,44,44,SF,T,T,0,Dd,1,72,1,72,
2024-12-16 10:07:24.415749073,C6aOOY12XVlLeOGMZe,192.168.28.229,59222,192.168.28.1,53,udp,dns,0 days 00:00:00.006432,45,45,SF,T,T,0,Dd,1,73,1,73,
2024-12-16 10:07:24.422558069,Cn8wOC2v763EGhuUg9,192.168.28.229,53714,192.168.28.1,53,udp,dns,0 days 00:00:00.004983,41,41,SF,T,T,0,Dd,1,69,1,69,
2024-12-16 10:07:24.427926064,CUktsT1zyRVih5muHi,192.168.28.229,34920,192.168.28.1,53,udp,dns,0 days 00:00:00.005949,41,41,SF,T,T,0,Dd,1,69,1,69,
2024-12-16 10:07:24.434223890,CGNCds3xdiG89Gjxt5,192.168.28.229,53900,192.168.28.1,53,udp,dns,0 days 00:00:00.006371,41,41,SF,T,T,0,Dd,1,69,1,69,
2024-12-16 10:07:24.440922976,Ca3DYr4KJ8VNby1a53,192.168.28.229,50505,192.168.28.1,53,udp,dns,0 days 00:00:00.005462,41,41,SF,T,T,0,Dd,1,69,1,69,
2024-12-16 10:07:24.446717024,ClqWG1167EelZa8bSc,192.168.28.229,44981,192.168.28.1,53,udp,dns,0 days 00:00:00.005017,40,40,SF,T,T,0,Dd,1,68,1,68,
2024-12-16 10:07:24.452142000,CdpGca3nJCQFuBpRl2,192.168.28.229,41480,192.168.28.1,53,udp,dns,0 days 00:00:00.005744,40,40,SF,T,T,0,Dd,1,68,1,68,
2024-12-16 10:07:24.458225012,CI5munKODnpksVqkf,192.168.28.229,56475,192.168.28.1,53,udp,dns,0 days 00:00:00.005697,41,41,SF,T,T,0,Dd,1,69,1,69,
2024-12-16 10:07:24.464426994,CJseRw3ykO4eH7C0m9,192.168.28.229,57649,192.168.28.1,53,udp,dns,0 days 00:00:00.008021,90,90,SF,T,T,0,Dd,1,118,1,118,
2024-12-16 10:07:24.473079920,CdD30G2kfcR7pniJU5,192.168.28.229,45915,192.168.28.1,53,udp,dns,0 days 00:00:00.007551,90,90,SF,T,T,0,Dd,1,118,1,118,
2024-12-16 10:07:24.481462002,CFlP9u2ogr6zdxNKnf,192.168.28.229,42633,192.168.28.1,53,udp,dns,0 days 00:00:00.007621,90,90,SF,T,T,0,Dd,1,118,1,118,
2024-12-16 10:07:24.489712000,Cah8TRiGbQBhKB6o3,192.168.28.229,56364,192.168.28.1,53,udp,dns,0 days 00:00:00.006819,90,90,SF,T,T,0,Dd,1,118,1,118,
2024-12-16 10:07:24.497167110,CVnLBm32v4NFFmqhO5,192.168.28.229,38730,192.168.28.1,53,udp,dns,0 days 00:00:00.008805,90,90,SF,T,T,0,Dd,1,118,1,118,
2024-12-16 10:07:24.506783008,CnFNLP33HJqwiVA899,192.168.28.229,35275,192.168.28.1,53,udp,dns,0 days 00:00:00.007477,90,90,SF,T,T,0,Dd,1,118,1,118,
2024-12-16 10:07:24.514995098,Coggl310zHzaF6NZ7b,192.168.28.229,57703,192.168.28.1,53,udp,dns,0 days 00:00:00.007664,90,90,SF,T,T,0,Dd,1,118,1,118,
2024-12-16 10:07:24.523329020,CclOJOGAtIW7QeXWe,192.168.28.229,41460,192.168.28.1,53,udp,dns,0 days 00:00:00.006838,90,90,SF,T,T,0,Dd,1,118,1,118,
2024-12-16 10:07:24.530797005,Cr7WbO1XD3UEULnhW8,192.168.28.229,50922,192.168.28.1,53,udp,dns,0 days 00:00:00.006819,90,90,SF,T,T,0,Dd,1,118,1,118,
2024-12-16 10:07:24.538229942,CSo91Z1jVPx8qp6nM6,192.168.28.229,48875,192.168.28.1,53,udp,dns,0 days 00:00:00.006816,90,90,SF,T,T,0,Dd,1,118,1,118,
2024-12-16 10:07:24.545768976,CTCtXv1I7bcYT8f3Qj,192.168.28.229,35440,192.168.28.1,53,udp,dns,0 days 00:00:00.007822,90,90,SF,T,T,0,Dd,1,118,1,118,
2024-12-16 10:07:24.554935932,Ci29xR3a7nk4JHirP2,192.168.28.229,38614,192.168.28.1,53,udp,dns,0 days 00:00:00.005863,45,45,SF,T,T,0,Dd,1,73,1,73,
2024-12-16 10:07:24.561134100,CAlnCm5E2znsXL4c,192.168.28.229,54505,192.168.28.1,53,udp,dns,0 days 00:00:00.004241,41,41,SF,T,T,0,Dd,1,69,1,69,
2024-12-16 10:07:24.565702915,Cjs68x3ip63hJDiKia,192.168.28.229,56102,192.168.28.1,53,udp,dns,0 days 00:00:00.003992,41,41,SF,T,T,0,Dd,1,69,1,69,
2024-12-16 10:07:24.570008993,CNg8b72AnBG5hZNB5a,192.168.28.229,41991,192.168.28.1,53,udp,dns,0 days 00:00:00.004352,41,41,SF,T,T,0,Dd,1,69,1,69,
2024-12-16 10:07:24.574680090,CucDjcJ7t9zvcFXC,192.168.28.229,36854,192.168.28.1,53,udp,dns,0 days 00:00:00.004157,41,41,SF,T,T,0,Dd,1,69,1,69,
2024-12-16 10:07:24.579144955,CXAEhe4iysFWoQwdg9,192.168.28.229,49537,192.168.28.1,53,udp,dns,0 days 00:00:00.004689,40,40,SF,T,T,0,Dd,1,68,1,68,
2024-12-16 10:07:24.584182024,CEp5le2Y404jEDCz9b,192.168.28.229,60011,192.168.28.1,53,udp,dns,0 days 00:00:00.005341,40,40,SF,T,T,0,Dd,1,68,1,68,
2024-12-16 10:07:24.589843988,CtV4XI36xvQgjBKmfe,192.168.28.229,59913,192.168.28.1,53,udp,dns,0 days 00:00:00.006569,41,41,SF,T,T,0,Dd,1,69,1,69,
2024-12-16 10:07:24.596949100,CttTWp4DgciVgsJIN3,192.168.28.229,53508,192.168.28.1,53,udp,dns,0 days 00:00:00.007271,90,90,SF,T,T,0,Dd,1,118,1,118,
2024-12-16 10:07:24.604878902,Cd3grx260COm3PeHkc,192.168.28.229,38993,192.168.28.1,53,udp,dns,0 days 00:00:00.008109999,90,90,SF,T,T,0,Dd,1,118,1,118,
2024-12-16 10:07:24.613981009,C26COe1H8OMjnEW3O7,192.168.28.229,55994,192.168.28.1,53,udp,dns,0 days 00:00:00.007580,90,90,SF,T,T,0,Dd,1,118,1,118,
2024-12-16 10:07:24.622498035,CS13Fc1legx9mH5gaj,192.168.28.229,52785,192.168.28.1,53,udp,dns,0 days 00:00:00.007708,90,90,SF,T,T,0,Dd,1,118,1,118,
2024-12-16 10:07:24.631129026,C4l5yF1aVNCYInKVF5,192.168.28.229,57781,192.168.28.1,53,udp,dns,0 days 00:00:00.007765,90,90,SF,T,T,0,Dd,1,118,1,118,
2024-12-16 10:07:24.639866114,Ct7u4e2kJzwyGmGpE,192.168.28.229,33537,192.168.28.1,53,udp,dns,0 days 00:00:00.007604,90,90,SF,T,T,0,Dd,1,118,1,118,
2024-12-16 10:07:24.660183907,Coc5Nd14Ng0uGtOp95,192.168.28.229,55104,192.168.28.1,53,udp,dns,0 days 00:00:00.007539,90,90,SF,T,T,0,Dd,1,118,1,118,
2024-12-16 10:07:24.668701887,CAgBNo1rNhgaWFjWw7,192.168.28.229,58082,192.168.28.1,53,udp,dns,0 days 00:00:00.008170999,90,90,SF,T,T,0,Dd,1,118,1,118,
2024-12-16 10:07:24.677833080,CZN6L42IdF69Aw7sul,192.168.28.229,55821,192.168.28.1,53,udp,dns,0 days 00:00:00.008433,90,90,SF,T,T,0,Dd,1,118,1,118,
2024-12-16 10:07:24.687284946,CN1RIuxPwXvA5KOx4,192.168.28.229,55132,192.168.28.1,53,udp,dns,0 days 00:00:00.006418,90,90,SF,T,T,0,Dd,1,118,1,118,
2024-12-16 10:07:24.694729090,CiPoDB4AkssEeDiCf6,192.168.28.229,38348,192.168.28.1,53,udp,dns,0 days 00:00:00.005575,45,45,SF,T,T,0,Dd,1,73,1,73,
2024-12-16 10:07:24.700721979,CGqajuW61rl2TG6mc,192.168.28.229,42505,192.168.28.1,53,udp,dns,0 days 00:00:00.004943,41,41,SF,T,T,0,Dd,1,69,1,69,
2024-12-16 10:07:24.706093073,C3yio91uUVjJKqkuQ,192.168.28.229,58796,192.168.28.1,53,udp,dns,0 days 00:00:00.004979,41,41,SF,T,T,0,Dd,1,69,1,69,
2024-12-16 10:07:24.711441994,Cd6VfJ3FEroECwikli,192.168.28.229,51705,192.168.28.1,53,udp,dns,0 days 00:00:00.004005,41,41,SF,T,T,0,Dd,1,69,1,69,
2024-12-16 10:07:24.715913057,CzE8La4kDxtw1Qvs77,192.168.28.229,50463,192.168.28.1,53,udp,dns,0 days 00:00:00.004903,41,41,SF,T,T,0,Dd,1,69,1,69,
2024-12-16 10:07:24.721252918,CYl9t04vCbz4mu6hPh,192.168.28.229,39112,192.168.28.1,53,udp,dns,0 days 00:00:00.004972,40,40,SF,T,T,0,Dd,1,68,1,68,
2024-12-16 10:07:24.726562023,CRQ1LQ23lMI8vRjTwe,192.168.28.229,43539,192.168.28.1,53,udp,dns,0 days 00:00:00.005109,40,40,SF,T,T,0,Dd,1,68,1,68,
2024-12-16 10:07:24.732063055,Cgib6YdmYb2pDzLt5,192.168.28.229,55065,192.168.28.1,53,udp,dns,0 days 00:00:00.006288,41,41,SF,T,T,0,Dd,1,69,1,69,
2024-12-16 10:07:24.739057064,C0yRZ72pd0g4JJuQX3,192.168.28.229,57928,192.168.28.1,53,udp,dns,0 days 00:00:00.006882,90,90,SF,T,T,0,Dd,1,118,1,118,
2024-12-16 10:07:24.747174025,C4C09u1Bl33yYiOnS1,192.168.28.229,50334,192.168.28.1,53,udp,dns,0 days 00:00:00.007097,90,90,SF,T,T,0,Dd,1,118,1,118,
2024-12-16 10:07:24.755323887,CBcK2j5zcZrpm6j5j,192.168.28.229,49949,192.168.28.1,53,udp,dns,0 days 00:00:00.008332,90,90,SF,T,T,0,Dd,1,118,1,118,
2024-12-16 10:07:24.764684916,Cozz2r1EKM1ktdKvc7,192.168.28.229,54374,192.168.28.1,53,udp,dns,0 days 00:00:00.008044,90,90,SF,T,T,0,Dd,1,118,1,118,
2024-12-16 10:07:24.773787975,CKzgRh9vWpGcEszol,192.168.28.229,47149,192.168.28.1,53,udp,dns,0 days 00:00:00.008471,90,90,SF,T,T,0,Dd,1,118,1,118,
2024-12-16 10:07:24.783181906,CnD3xA6RYgPtwzYLb,192.168.28.229,38066,192.168.28.1,53,udp,dns,0 days 00:00:00.006583,90,90,SF,T,T,0,Dd,1,118,1,118,
2024-12-16 10:07:24.790740013,CySbPfKvbR1L1F5kl,192.168.28.229,37948,192.168.28.1,53,udp,dns,0 days 00:00:00.007368,90,90,SF,T,T,0,Dd,1,118,1,118,
2024-12-16 10:07:24.799011946,CvTPbr3PqPYXDUK6C,192.168.28.229,46934,192.168.28.1,53,udp,dns,0 days 00:00:00.007858,90,90,SF,T,T,0,Dd,1,118,1,118,
2024-12-16 10:07:24.807862043,CQZ4le2lKPYNvndltl,192.168.28.229,52738,192.168.28.1,53,udp,dns,0 days 00:00:00.007627,90,90,SF,T,T,0,Dd,1,118,1,118,
2024-12-16 10:07:24.816473007,ChiMhW1huZ0j1EKTGe,192.168.28.229,60284,192.168.28.1,53,udp,dns,0 days 00:00:00.007806,90,90,SF,T,T,0,Dd,1,118,1,118,
2024-12-16 10:07:24.825213909,Cj9Eyw37zJYkx0z3Bf,192.168.28.229,41542,192.168.28.1,53,udp,dns,0 days 00:00:00.007680,90,90,SF,T,T,0,Dd,1,118,1,118,
2024-12-16 10:07:24.834503889,CPLu1x2a6IbXwah2A1,192.168.28.229,50960,192.168.28.1,53,udp,dns,0 days 00:00:00.004864,45,45,SF,T,T,0,Dd,1,73,1,73,
2024-12-16 10:07:24.839741945,CcmLZP2rcRh0dnKlLi,192.168.28.229,57790,192.168.28.1,53,udp,dns,0 days 00:00:00.004890,41,41,SF,T,T,0,Dd,1,69,1,69,
2024-12-16 10:07:24.845038891,CgK1Jx2c5X1ycP1V2i,192.168.28.229,55485,192.168.28.1,53,udp,dns,0 days 00:00:00.005028,41,41,SF,T,T,0,Dd,1,69,1,69,
2024-12-16 10:07:24.850533009,CP8OpF11vM66v2v22i,192.168.28.229,32964,192.168.28.1,53,udp,dns,0 days 00:00:00.005565,41,41,SF,T,T,0,Dd,1,69,1,69,
2024-12-16 10:07:24.856498957,Cb9OGZxGOe16chxJa,192.168.28.229,55373,192.168.28.1,53,udp,dns,0 days 00:00:00.004707,41,41,SF,T,T,0,Dd,1,69,1,69,
2024-12-16 10:07:24.861608982,CBI7Gc1mAnCNJ3VHh2,192.168.28.229,58344,192.168.28.1,53,udp,dns,0 days 00:00:00.004484,40,40,SF,T,T,0,Dd,1,68,1,68,
2024-12-16 10:07:24.866462946,Cs2qC91k8wkNQIxn23,192.168.28.229,47231,192.168.28.1,53,udp,dns,0 days 00:00:00.004601,40,40,SF,T,T,0,Dd,1,68,1,68,
2024-12-16 10:07:24.871464014,CcQsiw3ZCqzFEt2Xsg,192.168.28.229,51865,192.168.28.1,53,udp,dns,0 days 00:00:00.004042999,41,41,SF,T,T,0,Dd,1,69,1,69,
2024-12-16 10:07:24.876163006,CZVwnR3syc9ixLZBq7,192.168.28.229,39741,192.168.28.1,53,udp,dns,0 days 00:00:00.009446,90,90,SF,T,T,0,Dd,1,118,1,118,
2024-12-16 10:07:24.886533022,CWzs021UmknKCuWdm3,192.168.28.229,35077,192.168.28.1,53,udp,dns,0 days 00:00:00.008337,90,90,SF,T,T,0,Dd,1,118,1,118,
2024-12-16 10:07:24.895652056,Cdbej83iaWnUaGPus7,192.168.28.229,45162,192.168.28.1,53,udp,dns,0 days 00:00:00.009298,90,90,SF,T,T,0,Dd,1,118,1,118,
2024-12-16 10:07:24.905719995,CQYay4G5tJn3hcxck,192.168.28.229,53032,192.168.28.1,53,udp,dns,0 days 00:00:00.009140,90,90,SF,T,T,0,Dd,1,118,1,118,
2024-12-16 10:07:24.915596962,CgbpHA4BuRBBRsrQIh,192.168.28.229,60115,192.168.28.1,53,udp,dns,0 days 00:00:00.007972,90,90,SF,T,T,0,Dd,1,118,1,118,
2024-12-16 10:07:24.924345016,CIJqd31d23Mpp9Vl0l,192.168.28.229,49749,192.168.28.1,53,udp,dns,0 days 00:00:00.007645,90,90,SF,T,T,0,Dd,1,118,1,118,
2024-12-16 10:07:24.932857037,CngsKE2jWon2xZC5Tb,192.168.28.229,39003,192.168.28.1,53,udp,dns,0 days 00:00:00.007655,90,90,SF,T,T,0,Dd,1,118,1,118,
2024-12-16 10:07:24.941258907,C19ckW1G3MwlB99F5,192.168.28.229,39441,192.168.28.1,53,udp,dns,0 days 00:00:00.006936,90,90,SF,T,T,0,Dd,1,118,1,118,
2024-12-16 10:07:24.948899984,CVqlt322WclQIMfuM8,192.168.28.229,57446,192.168.28.1,53,udp,dns,0 days 00:00:00.007741,90,90,SF,T,T,0,Dd,1,118,1,118,
2024-12-16 10:07:24.957416058,CLcqgd2I2adqrXnwp8,192.168.28.229,55872,192.168.28.1,53,udp,dns,0 days 00:00:00.007770,90,90,SF,T,T,0,Dd,1,118,1,118,
2024-12-16 10:07:24.981573105,CoLe9m2QniJ3nGTozl,192.168.28.229,54317,192.168.28.1,53,udp,dns,0 days 00:00:00.004627,45,45,SF,T,T,0,Dd,1,73,1,73,
2024-12-16 10:07:24.986565113,CZfSfaOmSr2k31yah,192.168.28.229,58016,192.168.28.1,53,udp,dns,0 days 00:00:00.004776,41,41,SF,T,T,0,Dd,1,69,1,69,
2024-12-16 10:07:24.991662979,CGfL9t2Xbhpyf0xJ2a,192.168.28.229,39840,192.168.28.1,53,udp,dns,0 days 00:00:00.004350,41,41,SF,T,T,0,Dd,1,69,1,69,
2024-12-16 10:07:24.996439934,Cu9uV11TO2bl06abGl,192.168.28.229,50309,192.168.28.1,53,udp,dns,0 days 00:00:00.004939,41,41,SF,T,T,0,Dd,1,69,1,69,
2024-12-16 10:07:25.001777887,CfDcQ838uTScHjtH81,192.168.28.229,50690,192.168.28.1,53,udp,dns,0 days 00:00:00.004970,41,41,SF,T,T,0,Dd,1,69,1,69,
2024-12-16 10:07:25.007086992,CvrDl92TP3enSkdOm8,192.168.28.229,55628,192.168.28.1,53,udp,dns,0 days 00:00:00.005076,40,40,SF,T,T,0,Dd,1,68,1,68,
2024-12-16 10:07:25.012598038,C4234J3RpnAOsWTrD4,192.168.28.229,43980,192.168.28.1,53,udp,dns,0 days 00:00:00.004899,40,40,SF,T,T,0,Dd,1,68,1,68,
2024-12-16 10:07:25.017940044,CmvocAYqCoDORxk08,192.168.28.229,40312,192.168.28.1,53,udp,dns,0 days 00:00:00.004973,41,41,SF,T,T,0,Dd,1,69,1,69,
2024-12-16 10:07:25.023475885,CGXvA53PoIAOrQFjea,192.168.28.229,48753,192.168.28.1,53,udp,dns,0 days 00:00:00.008049,90,90,SF,T,T,0,Dd,1,118,1,118,
2024-12-16 10:07:25.032337904,COaeNt3DbcSwuNcwei,192.168.28.229,42781,192.168.28.1,53,udp,dns,0 days 00:00:00.007765,90,90,SF,T,T,0,Dd,1,118,1,118,
2024-12-16 10:07:25.040797949,CFdK7A3VxxT4x9d25h,192.168.28.229,58025,192.168.28.1,53,udp,dns,0 days 00:00:00.008121,90,90,SF,T,T,0,Dd,1,118,1,118,
2024-12-16 10:07:25.049787998,CUJLhy2pTI4zuFXhtb,192.168.28.229,49212,192.168.28.1,53,udp,dns,0 days 00:00:00.006532,90,90,SF,T,T,0,Dd,1,118,1,118,
2024-12-16 10:07:25.057087898,CA5LSV3SsSUSpU2DKf,192.168.28.229,42338,192.168.28.1,53,udp,dns,0 days 00:00:00.007699,90,90,SF,T,T,0,Dd,1,118,1,118,
2024-12-16 10:07:25.065606117,CElsNS1ia2AJr9COj3,192.168.28.229,36057,192.168.28.1,53,udp,dns,0 days 00:00:00.009222,90,90,SF,T,T,0,Dd,1,118,1,118,
2024-12-16 10:07:25.075903893,CgFKrg2TJiUzyJi4g1,192.168.28.229,51601,192.168.28.1,53,udp,dns,0 days 00:00:00.007783,90,90,SF,T,T,0,Dd,1,118,1,118,
2024-12-16 10:07:25.084714890,CkwHyX2BXOK0ZBQwO5,192.168.28.229,44092,192.168.28.1,53,udp,dns,0 days 00:00:00.007515,90,90,SF,T,T,0,Dd,1,118,1,118,
2024-12-16 10:07:25.093085051,CtjtLV31IKWCQDNLS8,192.168.28.229,45981,192.168.28.1,53,udp,dns,0 days 00:00:00.007585,90,90,SF,T,T,0,Dd,1,118,1,118,
2024-12-16 10:07:25.101449966,CpowGA1YSBuxfuQ4nb,192.168.28.229,50345,192.168.28.1,53,udp,dns,0 days 00:00:00.005132,90,90,SF,T,T,0,Dd,1,118,1,118,
2024-12-16 10:07:25.107264996,CdOQnR2kzJ3KyLEM7b,192.168.28.229,36827,192.168.28.1,53,udp,dns,0 days 00:00:00.007369,90,90,SF,T,T,0,Dd,1,118,1,118,
2024-12-16 10:07:25.122096062,CzC4BAsntqrzXA7Sk,192.168.28.229,35573,192.168.28.1,53,udp,dns,0 days 00:00:00.005133,23,23,SF,T,T,0,Dd,1,51,1,51,
2024-12-16 10:07:25.338912010,CBO0FU3On7fnLnVZNh,192.168.28.229,44468,192.168.28.1,53,udp,dns,0 days 00:00:00.007799,45,45,SF,T,T,0,Dd,1,73,1,73,
2024-12-16 10:07:25.347142935,C4Qj4t2EoN7fG4Lyff,192.168.28.229,34814,192.168.28.1,53,udp,dns,0 days 00:00:00.004800,41,41,SF,T,T,0,Dd,1,69,1,69,
2024-12-16 10:07:25.352444887,CIeRkC3BbrhDwyjQHc,192.168.28.229,49802,192.168.28.1,53,udp,dns,0 days 00:00:00.003454,41,41,SF,T,T,0,Dd,1,69,1,69,
2024-12-16 10:07:25.356319904,CUgNPw2FEQBeB1yasj,192.168.28.229,51450,192.168.28.1,53,udp,dns,0 days 00:00:00.004306,41,41,SF,T,T,0,Dd,1,69,1,69,
2024-12-16 10:07:25.361025095,C6ra4c1gtrlROIURIh,192.168.28.229,33994,192.168.28.1,53,udp,dns,0 days 00:00:00.006584,41,41,SF,T,T,0,Dd,1,69,1,69,
2024-12-16 10:07:25.368094921,CcXE2z2OQlxAlnWld1,192.168.28.229,36415,192.168.28.1,53,udp,dns,0 days 00:00:00.005000,40,40,SF,T,T,0,Dd,1,68,1,68,
2024-12-16 10:07:25.373459101,CHlAyE1KOJw3vtwKx1,192.168.28.229,59184,192.168.28.1,53,udp,dns,0 days 00:00:00.007214,40,40,SF,T,T,0,Dd,1,68,1,68,
2024-12-16 10:07:25.381156921,CxtI2NXCHzdvkFZk9,192.168.28.229,43708,192.168.28.1,53,udp,dns,0 days 00:00:00.004848,41,41,SF,T,T,0,Dd,1,69,1,69,
2024-12-16 10:07:25.386780977,Cl6qAG1TGF5UZIy3P7,192.168.28.229,45624,192.168.28.1,53,udp,dns,0 days 00:00:00.007905,90,90,SF,T,T,0,Dd,1,118,1,118,
2024-12-16 10:07:25.395704985,ClOjTx4DpRWVYK8hG,192.168.28.229,45376,192.168.28.1,53,udp,dns,0 days 00:00:00.007427,90,90,SF,T,T,0,Dd,1,118,1,118,
2024-12-16 10:07:25.404119968,CPr25e3irbuBWGTmZd,192.168.28.229,60766,192.168.28.1,53,udp,dns,0 days 00:00:00.006914,90,90,SF,T,T,0,Dd,1,118,1,118,
2024-12-16 10:07:25.412036896,COcUnm1qVivUXPyKp8,192.168.28.229,48116,192.168.28.1,53,udp,dns,0 days 00:00:00.007627,90,90,SF,T,T,0,Dd,1,118,1,118,
2024-12-16 10:07:25.420523882,CHlR9Z2wkdpNKhH0I7,192.168.28.229,56779,192.168.28.1,53,udp,dns,0 days 00:00:00.008185,90,90,SF,T,T,0,Dd,1,118,1,118,
2024-12-16 10:07:25.429549932,CMZYATp7io2IRAkqi,192.168.28.229,34618,192.168.28.1,53,udp,dns,0 days 00:00:00.008624,90,90,SF,T,T,0,Dd,1,118,1,118,
2024-12-16 10:07:25.439234972,CxMdie3ijb8KbxcSSf,192.168.28.229,60571,192.168.28.1,53,udp,dns,0 days 00:00:00.008910,90,90,SF,T,T,0,Dd,1,118,1,118,
2024-12-16 10:07:25.449055910,CX8iAw3oFpWalzMUo2,192.168.28.229,52976,192.168.28.1,53,udp,dns,0 days 00:00:00.008566,90,90,SF,T,T,0,Dd,1,118,1,118,
2024-12-16 10:07:25.458415031,CKjFIp14p1BVoMzidd,192.168.28.229,43282,192.168.28.1,53,udp,dns,0 days 00:00:00.009739,90,90,SF,T,T,0,Dd,1,118,1,118,
2024-12-16 10:07:25.469202042,CNrsWa1uXw0BFMGTfa,192.168.28.229,54379,192.168.28.1,53,udp,dns,0 days 00:00:00.007019,90,90,SF,T,T,0,Dd,1,118,1,118,
2024-12-16 10:07:25.477135897,CiQqgF33PefwOWXUx5,192.168.28.229,33336,192.168.28.1,53,udp,dns,0 days 00:00:00.007958,90,90,SF,T,T,0,Dd,1,118,1,118,
2024-12-16 10:07:25.491664886,Cik1JHgvtfpeCcuJ1,192.168.28.229,36882,192.168.28.1,53,udp,dns,0 days 00:00:00.009366,23,23,SF,T,T,0,Dd,1,51,1,51,
2024-12-16 10:07:26.500299931,CAeHyW1dxd1lbeZdOc,192.168.28.229,35180,192.168.28.1,53,udp,dns,0 days 00:00:00.004557,55,55,SF,T,T,0,Dd,1,83,1,83,
2024-12-16 10:07:26.500421047,CVytCi24rgq9UsBlDl,192.168.28.229,33577,192.168.28.1,53,udp,dns,0 days 00:00:00.004420,49,49,SF,T,T,0,Dd,1,77,1,77,
2024-12-16 10:07:26.500514030,Cteo5c4eSVktxYRq44,192.168.28.229,57834,192.168.28.1,53,udp,dns,0 days 00:00:00.004309,48,48,SF,T,T,0,Dd,1,76,1,76,
2024-12-16 10:07:26.500608921,CbADSz1uhuhWBOdtKj,192.168.28.229,33149,192.168.28.1,53,udp,dns,0 days 00:00:00.004250,50,50,SF,T,T,0,Dd,1,78,1,78,
2024-12-16 10:07:26.500725985,Ctv2R327vWNgl1ueG1,192.168.28.229,44224,192.168.28.1,53,udp,dns,0 days 00:00:00.004709,42,42,SF,T,T,0,Dd,1,70,1,70,
2024-12-16 10:07:26.500818968,Ct5z321COrg7L3Efwa,192.168.28.229,38092,192.168.28.1,53,udp,dns,0 days 00:00:00.005020,50,50,SF,T,T,0,Dd,1,78,1,78,
2024-12-16 10:07:26.615834951,CTZqCD41doCICfaBp6,192.168.28.229,38514,192.168.28.1,53,udp,dns,0 days 00:00:00.004848,44,44,SF,T,T,0,Dd,1,72,1,72,
2024-12-16 10:07:28.981822014,CUyuyb2u9ILbhjcyZ8,192.168.28.229,51622,192.168.28.1,53,udp,dns,0 days 00:00:00.006266,38,174,SF,T,T,0,Dd,1,66,1,202,
2024-12-16 10:07:29.118618011,C79GddW4qoajYNZH7,192.168.28.229,33152,192.168.28.1,53,udp,dns,0 days 00:00:00.004945,49,49,SF,T,T,0,Dd,1,77,1,77,
2024-12-16 10:07:29.118700981,C82ZEL1lcD5bDC7Tb3,192.168.28.229,44108,192.168.28.1,53,udp,dns,0 days 00:00:00.004837,42,42,SF,T,T,0,Dd,1,70,1,70,
2024-12-16 10:07:29.118766069,CDUgPL1fpqEHFcOAQ5,192.168.28.229,36248,192.168.28.1,53,udp,dns,0 days 00:00:00.004793,48,48,SF,T,T,0,Dd,1,76,1,76,
2024-12-16 10:07:29.118833065,ClCb2r14O4xyoZg9X1,192.168.28.229,47476,192.168.28.1,53,udp,dns,0 days 00:00:00.004737,50,50,SF,T,T,0,Dd,1,78,1,78,
2024-12-16 10:07:29.119913101,CnYa2W3ar2kMZORrVb,192.168.28.229,45171,192.168.28.1,53,udp,dns,0 days 00:00:00.003653,55,55,SF,T,T,0,Dd,1,83,1,83,
2024-12-16 10:07:29.214473009,CpAbwU1zGC9wwSqWd6,192.168.28.229,57884,192.168.28.1,53,udp,dns,0 days 00:00:00.004328,44,44,SF,T,T,0,Dd,1,72,1,72,
2024-12-16 10:07:31.738157988,Cu3qjx2pM1DvXbc95j,192.168.28.229,55949,192.168.28.1,53,udp,dns,0 days 00:00:00.002624,34,186,SF,T,T,0,Dd,1,62,1,214,
2024-12-16 10:07:31.738426924,COWszG49lvd8Won7R9,192.168.28.229,47873,192.168.28.1,53,udp,dns,0 days 00:00:00.005040,34,170,SF,T,T,0,Dd,1,62,1,198,
2024-12-16 10:07:32.047117949,CkBRnL12eh8yEr2Yka,192.168.28.229,56959,192.168.28.1,53,udp,dns,0 days 00:00:00.004399,46,46,SF,T,T,0,Dd,1,74,1,74,
2024-12-16 10:07:36.364645004,C38Yul23bhx0MYBd7,192.168.28.229,47553,192.168.28.1,53,udp,dns,0 days 00:00:00.007558,34,34,SF,T,T,0,Dd,1,62,1,62,
2024-12-16 10:07:36.371550083,Cfbvmh2LIEAA4TZI6g,192.168.28.229,58121,192.168.28.1,53,udp,dns,0 days 00:00:00.006814,33,169,SF,T,T,0,Dd,1,61,1,197,
2024-12-16 10:07:36.420793056,CFSqZ54cA6vtddLVBe,192.168.28.229,56098,192.168.28.1,53,udp,dns,0 days 00:00:00.008218,34,34,SF,T,T,0,Dd,1,62,1,62,
2024-12-16 10:07:36.421077967,CUPnQk2M4bxAfDcyYf,192.168.28.229,52466,192.168.28.1,53,udp,dns,0 days 00:00:00.007952,33,169,SF,T,T,0,Dd,1,61,1,197,
2024-12-16 10:07:36.567838907,CNvZjAVKtBpl8Dfc6,192.168.28.229,33748,192.168.28.1,53,udp,dns,0 days 00:00:00.006321,34,34,SF,T,T,0,Dd,1,62,1,62,
2024-12-16 10:07:36.575201988,Cyoejq4JfKvQyZWb4g,192.168.28.229,47703,192.168.28.1,53,udp,dns,0 days 00:00:00.006384,34,34,SF,T,T,0,Dd,1,62,1,62,
2024-12-16 10:07:36.620484114,Cv1KHJ28QGBzbQ1S2j,192.168.28.229,48584,192.168.28.1,53,udp,dns,0 days 00:00:00.006467,34,34,SF,T,T,0,Dd,1,62,1,62,
2024-12-16 10:07:36.712985992,C4Jw514tKvSAew77wh,192.168.28.229,53712,192.168.28.1,53,udp,dns,0 days 00:00:00.007510,34,34,SF,T,T,0,Dd,1,62,1,62,
2024-12-16 10:07:36.781666040,CQdxcN3Rj9OJePVeAe,192.168.28.229,58777,192.168.28.1,53,udp,dns,0 days 00:00:00.006066,34,34,SF,T,T,0,Dd,1,62,1,62,
2024-12-16 10:07:36.789274931,C4nYR63IU0ee1zDvqk,192.168.28.229,41472,192.168.28.1,53,udp,dns,0 days 00:00:00.005881,34,34,SF,T,T,0,Dd,1,62,1,62,
2024-12-16 10:07:37.140677929,Cs77Ye4M716HiWHGB1,192.168.28.229,59843,192.168.28.1,53,udp,dns,0 days 00:00:00.007752,34,34,SF,T,T,0,Dd,1,62,1,62,
2024-12-16 10:07:37.249140978,CjBegn8h65g9Uypj4,192.168.28.229,34538,192.168.28.1,53,udp,dns,0 days 00:00:00.006443,34,34,SF,T,T,0,Dd,1,62,1,62,
2024-12-16 10:07:37.964495897,CaMa2z3nCZveWbWTa1,192.168.28.229,54421,192.168.28.1,53,udp,dns,0 days 00:00:00.007581,34,34,SF,T,T,0,Dd,1,62,1,62,
2024-12-16 10:07:38.352668047,CQUoDi2uvmy9WPQ6Wd,192.168.28.229,53476,192.168.28.1,53,udp,dns,0 days 00:00:00.007868,34,34,SF,T,T,0,Dd,1,62,1,62,
2024-12-16 10:07:38.572638988,CHbCAMQ6Cfi3GEKzl,192.168.28.229,53554,192.168.28.1,53,udp,dns,0 days 00:00:00.008125,34,34,SF,T,T,0,Dd,1,62,1,62,
2024-12-16 10:07:38.620873928,CrVBaJ1MyqkqSnjns5,192.168.28.229,60091,192.168.28.1,53,udp,dns,0 days 00:00:00.006012,34,34,SF,T,T,0,Dd,1,62,1,62,
2024-12-16 10:07:38.627789021,CxcDUv4anAoeywW1Ea,192.168.28.229,60188,192.168.28.1,53,udp,dns,0 days 00:00:00.007866,34,34,SF,T,T,0,Dd,1,62,1,62,
2024-12-16 10:07:39.502418995,CoR4Mr3iVvraUWjHDi,192.168.28.229,46158,192.168.28.1,53,udp,dns,0 days 00:00:00.009407,34,34,SF,T,T,0,Dd,1,62,1,62,
2024-12-16 10:07:39.786349058,CF3j6l3QEipzlXnsxc,192.168.28.229,53708,192.168.28.1,53,udp,dns,0 days 00:00:00.007580,34,34,SF,T,T,0,Dd,1,62,1,62,
2024-12-16 10:07:40.676640034,Ch3ll81RGXebtRqomg,192.168.28.229,53324,192.168.28.1,53,udp,dns,0 days 00:00:00.007300,34,34,SF,T,T,0,Dd,1,62,1,62,
2024-12-16 10:07:41.100805998,CXvK4k4DpKhxdeMp38,192.168.28.229,43386,192.168.28.1,53,udp,dns,0 days 00:00:00.006059,34,34,SF,T,T,0,Dd,1,62,1,62,
2024-12-16 10:07:42.675187111,C4uvZK39gheX1kQUS2,192.168.28.229,46989,192.168.28.1,53,udp,dns,0 days 00:00:00.004197,34,34,SF,T,T,0,Dd,1,62,1,62,
2024-12-16 10:07:42.676625013,CDLvWo2habUGd8VnY1,192.168.28.229,52277,192.168.28.1,53,udp,dns,0 days 00:00:00.006818,33,169,SF,T,T,0,Dd,1,61,1,197,
2024-12-16 10:07:43.065285921,CyGavq2YGa0Sjuu1G6,192.168.28.229,33270,192.168.28.1,53,udp,dns,0 days 00:00:00.008586,47,383,SF,T,T,0,Dd,1,75,1,411,
2024-12-16 10:07:45.681060076,CwffOm5QrvlucdUN1,192.168.28.229,45844,192.168.28.1,53,udp,dns,0 days 00:00:00.008539,38,174,SF,T,T,0,Dd,1,66,1,202,
2024-12-16 10:07:45.887893915,CLR7xN1PFQtyrlx7Mi,192.168.28.229,45488,192.168.28.1,53,udp,dns,0 days 00:00:00.006434,46,46,SF,T,T,0,Dd,1,74,1,74,
2024-12-16 10:07:46.674770117,CGX8bZ1fsyqK2TBrF2,192.168.28.229,42533,192.168.28.1,53,udp,dns,0 days 00:00:00.008641,33,33,SF,T,T,0,Dd,1,61,1,61,
2024-12-16 10:07:47.759398937,Cyjg9s4Ug3ozijdfNl,192.168.28.229,42336,192.168.28.1,53,udp,dns,0 days 00:00:00.006762,23,23,SF,T,T,0,Dd,1,51,1,51,
2024-12-16 10:08:05.711240053,CE7TUv3VWPFKep8wkh,192.168.28.229,58004,192.168.28.1,53,udp,dns,0 days 00:00:00.008133,33,169,SF,T,T,0,Dd,1,61,1,197,
2024-12-16 10:08:05.724348068,CaKYIb2TcXcpV3vWIc,192.168.28.229,42436,192.168.28.1,53,udp,dns,0 days 00:00:00.006766,44,180,SF,T,T,0,Dd,1,72,1,208,
2024-12-16 10:08:22.244431019,C4OgZNzbme3bEiEvb,192.168.28.229,36294,192.168.28.1,53,udp,dns,0 days 00:00:00.006279,52,204,SF,T,T,0,Dd,1,80,1,232,
2024-12-16 10:07:39.001014947,CdrISI15q6TCzzmB7c,192.168.28.11,61949,255.255.255.255,8610,udp,,0 days 00:00:00.000020,32,0,S0,T,T,0,D,2,88,0,0,
2024-12-16 10:07:43.095566034,CssBafMkJnZ9JRTX8,192.168.28.208,55824,255.255.255.255,8610,udp,,0 days 00:00:00.000021,32,0,S0,T,T,0,D,2,88,0,0,
2024-12-16 10:08:10.847006083,CnGmJA179kFu6JQQ9l,192.168.28.11,49685,255.255.255.255,8610,udp,,0 days 00:00:00.000041,32,0,S0,T,T,0,D,2,88,0,0,
2024-12-16 10:08:14.738533020,CFj6ztA8FU6V7ThYc,192.168.28.208,56992,255.255.255.255,8610,udp,,0 days 00:00:00.000055,32,0,S0,T,T,0,D,2,88,0,0,
2024-12-16 10:09:05.964726925,CLjSGm3Q1l2p1DxJZ9,192.168.28.229,58820,192.168.28.1,53,udp,dns,0 days 00:00:00.007597,28,180,SF,T,T,0,Dd,1,56,1,208,
2024-12-16 10:09:05.964960098,CT8mv64kOeym0rRBC2,192.168.28.229,32874,192.168.28.1,53,udp,dns,0 days 00:00:00.007330,28,189,SF,T,T,0,Dd,1,56,1,217,
2024-12-16 10:09:19.061599970,CknOjB3KNFBifp10F8,192.168.28.229,43861,192.168.28.1,53,udp,dns,0 days 00:00:00.005001,47,383,SF,T,T,0,Dd,1,75,1,411,
2024-12-16 10:08:42.593697071,C6yFy3QpiAUCqggNi,192.168.28.11,51332,255.255.255.255,8610,udp,,0 days 00:00:00.000054,32,0,S0,T,T,0,D,2,88,0,0,
2024-12-16 10:08:46.382179022,C9jgyw4gkEHW3P6l9d,192.168.28.208,50184,255.255.255.255,8610,udp,,0 days 00:00:00.000013,32,0,S0,T,T,0,D,2,88,0,0,
2024-12-16 10:09:14.338854074,C90ZpY37NSciCvH7U5,192.168.28.11,55605,255.255.255.255,8610,udp,,0 days 00:00:00.000050,32,0,S0,T,T,0,D,2,88,0,0,
2024-12-16 10:09:18.023966074,C9KpKo4DEUcDsZSif9,192.168.28.208,53425,255.255.255.255,8610,udp,,0 days 00:00:00.000049,32,0,S0,T,T,0,D,2,88,0,0,
2024-12-16 10:09:46.085095882,C1JhwMjIXUKFsRX7,192.168.28.11,60546,255.255.255.255,8610,udp,,0 days 00:00:00.000053,32,0,S0,T,T,0,D,2,88,0,0,
2024-12-16 10:09:49.668431044,CZFP2SyEsEVg0Vzsh,192.168.28.208,60486,255.255.255.255,8610,udp,,0 days 00:00:00.000067,32,0,S0,T,T,0,D,2,88,0,0,
2024-12-16 10:10:17.829546928,CdHJwT25xgXhifMPf4,192.168.28.11,59797,255.255.255.255,8610,udp,,0 days 00:00:00.000050,32,0,S0,T,T,0,D,2,88,0,0,
2024-12-16 10:10:21.311199903,Cax5ckPExPxP9Q6a6,192.168.28.208,64384,255.255.255.255,8610,udp,,0 days 00:00:00.000052,32,0,S0,T,T,0,D,2,88,0,0,
2024-12-16 10:10:49.572550058,C5L5zT1fU13ikAUNmf,192.168.28.11,60633,255.255.255.255,8610,udp,,0 days 00:00:00.000056,32,0,S0,T,T,0,D,2,88,0,0,
2024-12-16 10:10:53.055800915,CIbDx31PVpGftps5bd,192.168.28.208,57850,255.255.255.255,8610,udp,,0 days 00:00:00.000056,32,0,S0,T,T,0,D,2,88,0,0,
2024-12-16 10:11:56.686310053,ClmkasryN0yjYaPU5,192.168.28.229,46752,192.168.28.1,53,udp,dns,0 days 00:00:00.004544,52,204,SF,T,T,0,Dd,1,80,1,232,
2024-12-16 10:11:56.686599016,CRbGF64lsbRHMmQvQl,192.168.28.229,51171,192.168.28.1,53,udp,dns,0 days 00:00:00.004302,52,188,SF,T,T,0,Dd,1,80,1,216,
2024-12-16 10:12:05.709100008,CZQsWe2u17FOxH7Uo6,192.168.28.229,57421,192.168.28.1,53,udp,dns,0 days 00:00:00.006418,34,186,SF,T,T,0,Dd,1,62,1,214,
2024-12-16 10:12:05.709250927,CVXSVpbdOi5JRxetf,192.168.28.229,35194,192.168.28.1,53,udp,dns,0 days 00:00:00.006282,34,170,SF,T,T,0,Dd,1,62,1,198,
2024-12-16 10:11:21.319910049,CViMop3oRhe7F9ARI5,192.168.28.11,56817,255.255.255.255,8610,udp,,0 days 00:00:00.000051,32,0,S0,T,T,0,D,2,88,0,0,
2024-12-16 10:12:12.681068897,CX2ZcH2jgQyK9tLDb9,192.168.28.229,37560,192.168.28.1,53,udp,dns,0 days 00:00:00.006129,37,189,SF,T,T,0,Dd,1,65,1,217,
2024-12-16 10:12:12.681365013,CE7NMV3kIOVVB63iP1,192.168.28.229,51391,192.168.28.1,53,udp,dns,0 days 00:00:00.005867,37,173,SF,T,T,0,Dd,1,65,1,201,
2024-12-16 10:12:13.061728954,CkyWwZ1mw0IXqqgZR3,192.168.28.229,33627,192.168.28.1,53,udp,dns,0 days 00:00:00.008189999,47,239,SF,T,T,0,Dd,1,75,1,267,
2024-12-16 10:11:24.697369099,COSi2Y2sF1UGKzuyg1,192.168.28.208,50533,255.255.255.255,8610,udp,,0 days 00:00:00.000055,32,0,S0,T,T,0,D,2,88,0,0,
2024-12-16 10:12:16.462208986,CKqDXW3DS9u128IF63,192.168.28.229,57851,192.168.28.1,53,udp,dns,0 days 00:00:00.005794,38,174,SF,T,T,0,Dd,1,66,1,202,
2024-12-16 10:12:17.681143045,CGBYxM1HurGIUIBBm,192.168.28.229,44260,192.168.28.1,53,udp,dns,0 days 00:00:00.009546,38,174,SF,T,T,0,Dd,1,66,1,202,
2024-12-16 10:12:24.753642082,CVJLTAEbsGQZ4qEL6,192.168.28.229,39575,192.168.28.1,53,udp,dns,0 days 00:00:00.005857,45,61,SF,T,T,0,Dd,1,73,1,89,
2024-12-16 10:12:24.753943920,CIluWsVQxyMicXOV3,192.168.28.229,41936,192.168.28.1,53,udp,dns,0 days 00:00:00.005611,45,45,SF,T,T,0,Dd,1,73,1,73,
2024-12-16 10:12:27.679466963,CLT1wS2zIWA4gxKau2,192.168.28.229,55181,192.168.28.1,53,udp,dns,0 days 00:00:00.007344,33,49,SF,T,T,0,Dd,1,61,1,77,
2024-12-16 10:12:27.679908037,CIZCgAnSFUh4UKpS2,192.168.28.229,52284,192.168.28.1,53,udp,dns,0 days 00:00:00.006935,33,33,SF,T,T,0,Dd,1,61,1,61,
2024-12-16 10:11:53.062546967,C62gsd4JmF8nLYv8jh,192.168.28.11,54209,255.255.255.255,8610,udp,,0 days 00:00:00.000061,32,0,S0,T,T,0,D,2,88,0,0,
2024-12-16 10:12:55.733153105,Ciytqw3vXEUqoE8Ual,192.168.28.229,40598,192.168.28.1,53,udp,dns,0 days 00:00:00.006601,37,37,SF,T,T,0,Dd,1,65,1,65,
2024-12-16 10:12:24.808595896,CjmV2X2L9pTlqrqtQ5,192.168.28.11,53472,255.255.255.255,8610,udp,,0 days 00:00:00.000043,32,0,S0,T,T,0,D,2,88,0,0,
2024-12-16 10:12:28.083702087,CPLWKD2k0JKCxtagn4,192.168.28.208,53338,255.255.255.255,8610,udp,,0 days 00:00:00.000054,32,0,S0,T,T,0,D,2,88,0,0,
2024-12-16 10:12:56.552741051,CyLUHt2tbOaRIH9C43,192.168.28.11,51764,255.255.255.255,8610,udp,,0 days 00:00:00.000055,32,0,S0,T,T,0,D,2,88,0,0,
2024-12-16 10:12:59.726452112,CesFHt2Vbag8lJgA21,192.168.28.208,62931,255.255.255.255,8610,udp,,0 days 00:00:00.000027,32,0,S0,T,T,0,D,2,88,0,0,
2024-12-16 10:13:51.516886949,CX7JnO1prnXdalNPV1,192.168.28.229,52930,192.168.28.1,53,udp,dns,0 days 00:00:00.005731,33,33,SF,T,T,0,Dd,1,61,1,61,
2024-12-16 10:13:52.743127108,CHWmmt4IWBpzUWAyZ1,192.168.28.229,53037,192.168.28.1,53,udp,dns,0 days 00:00:00.005783,28,28,SF,T,T,0,Dd,1,56,1,56,
2024-12-16 10:13:57.385324001,CZxPQk1TNNRfTlTXHl,192.168.28.229,54268,192.168.28.1,53,udp,dns,0 days 00:00:00.005386,28,28,SF,T,T,0,Dd,1,56,1,56,
2024-12-16 10:13:28.298074007,Cn16MM3ObseMb6DSjj,192.168.28.11,63966,255.255.255.255,8610,udp,,0 days 00:00:00.000064999,32,0,S0,T,T,0,D,2,88,0,0,
2024-12-16 10:13:31.368794918,CWptO549XbPBSsVS5a,192.168.28.208,57782,255.255.255.255,8610,udp,,0 days 00:00:00.000052,32,0,S0,T,T,0,D,2,88,0,0,
2024-12-16 10:14:00.043416977,C8tyu54AaTeYcjXgwl,192.168.28.11,50328,255.255.255.255,8610,udp,,0 days 00:00:00.000052,32,0,S0,T,T,0,D,2,88,0,0,
2024-12-16 10:14:03.114309072,C06De7aMUoJz6Drsl,192.168.28.208,64735,255.255.255.255,8610,udp,,0 days 00:00:00.000054,32,0,S0,T,T,0,D,2,88,0,0,
2024-12-16 10:15:04.425883055,Cd1MzZ3Kf68Q0uhpX9,192.168.28.229,38417,192.168.28.1,53,udp,dns,0 days 00:00:00.008107,33,33,SF,T,T,0,Dd,1,61,1,61,
2024-12-16 10:15:05.969206095,CNi4d32nCp9YEaMdTl,192.168.28.229,34244,192.168.28.1,53,udp,dns,0 days 00:00:00.006667,29,45,SF,T,T,0,Dd,1,57,1,73,
2024-12-16 10:15:17.670625925,CM3yqv1Qx5wJrUrMT,192.168.28.229,58298,192.168.28.1,53,udp,dns,0 days 00:00:00.008305999,49,49,SF,T,T,0,Dd,1,77,1,77,
2024-12-16 10:14:31.686788082,CaU8Qu3tOB9WRFX0D5,192.168.28.11,54379,255.255.255.255,8610,udp,,0 days 00:00:00.000026,32,0,S0,T,T,0,D,2,88,0,0,
2024-12-16 10:14:34.757814884,CVaIHj4p9MsGsWGtV2,192.168.28.208,49948,255.255.255.255,8610,udp,,0 days 00:00:00.000066,32,0,S0,T,T,0,D,2,88,0,0,
2024-12-16 10:15:43.061573982,C2cvrWhXcqGsosjme,192.168.28.229,51119,192.168.28.1,53,udp,dns,0 days 00:00:00.008024999,47,383,SF,T,T,0,Dd,1,75,1,411,
2024-12-16 10:15:06.401582956,C3q6cmt7qEIlie9f4,192.168.28.208,56602,255.255.255.255,8610,udp,,0 days 00:00:00.000051,32,0,S0,T,T,0,D,2,88,0,0,
2024-12-16 10:16:20.553848982,Cyuusl2arUZ4pqdx25,192.168.28.229,60719,192.168.28.1,53,udp,dns,0 days 00:00:00.007020,46,46,SF,T,T,0,Dd,1,74,1,74,
2024-12-16 10:15:35.179430008,CtqE1T3q0LVmCyRAg7,192.168.28.11,57419,255.255.255.255,8610,udp,,0 days 00:00:00.000053,32,0,S0,T,T,0,D,2,88,0,0,
2024-12-16 10:15:38.047127962,CI6IDw2wEJOtmilWV9,192.168.28.208,56136,255.255.255.255,8610,udp,,0 days 00:00:00.000052,32,0,S0,T,T,0,D,2,88,0,0,
2024-12-16 10:16:43.514139891,CAjIVn49LSugf30RC2,192.168.28.229,41724,192.168.28.1,53,udp,dns,0 days 00:00:00.008509,47,383,SF,T,T,0,Dd,1,75,1,411,
2024-12-16 10:16:54.678286076,C35paD3UlmCDBkOpmi,192.168.28.229,56561,192.168.28.1,53,udp,dns,0 days 00:00:00.008924,33,49,SF,T,T,0,Dd,1,61,1,77,
2024-12-16 10:16:54.678596020,CUtlgy2cjr70kmNSk7,192.168.28.229,59706,192.168.28.1,53,udp,dns,0 days 00:00:00.008656,33,33,SF,T,T,0,Dd,1,61,1,61,
2024-12-16 10:16:06.821108103,CrPuqbPEeWmKtq49h,192.168.28.11,57526,255.255.255.255,8610,udp,,0 days 00:00:00.000050,32,0,S0,T,T,0,D,2,88,0,0,
2024-12-16 10:16:09.791955948,Ce9aDd4Kg1fBgxKQgb,192.168.28.208,56890,255.255.255.255,8610,udp,,0 days 00:00:00.000033,32,0,S0,T,T,0,D,2,88,0,0,
2024-12-16 10:17:13.061470032,C6rA822jXieWfkSX0c,192.168.28.229,34665,192.168.28.1,53,udp,dns,0 days 00:00:00.006391,47,239,SF,T,T,0,Dd,1,75,1,267,
2024-12-16 10:17:19.778431892,CXi3OH1LrBKaQsyEm2,192.168.28.229,35616,192.168.28.1,53,udp,dns,0 days 00:00:00.006400,44,212,SF,T,T,0,Dd,1,72,1,240,
2024-12-16 10:17:19.786304951,CSzYAv2scrtsRWJwAl,192.168.28.229,52591,192.168.28.1,53,udp,dns,0 days 00:00:00.005700,44,212,SF,T,T,0,Dd,1,72,1,240,
2024-12-16 10:17:19.792947054,CjdgsXPePZeeYN2ed,192.168.28.229,42193,192.168.28.1,53,udp,dns,0 days 00:00:00.006506,44,212,SF,T,T,0,Dd,1,72,1,240,
2024-12-16 10:17:19.801157951,CbmVYqry2XPGqY6Qg,192.168.28.229,46900,192.168.28.1,53,udp,dns,0 days 00:00:00.005654,44,212,SF,T,T,0,Dd,1,72,1,240,
2024-12-16 10:17:19.801457882,Cho7oM3K7wt9vK6gFa,192.168.28.229,36940,192.168.28.1,53,udp,dns,0 days 00:00:00.005396,44,180,SF,T,T,0,Dd,1,72,1,208,
2024-12-16 10:17:19.809016943,CL80drMgPdlYuAq46,192.168.28.229,41109,192.168.28.1,53,udp,dns,0 days 00:00:00.007789,44,212,SF,T,T,0,Dd,1,72,1,240,
2024-12-16 10:17:19.818480015,Cnkbr13T2XjDTRN6x7,192.168.28.229,60779,192.168.28.1,53,udp,dns,0 days 00:00:00.005661,44,212,SF,T,T,0,Dd,1,72,1,240,
2024-12-16 10:17:19.824942112,CEEn9f4zXRer8Uk8D,192.168.28.229,59715,192.168.28.1,53,udp,dns,0 days 00:00:00.005710,44,212,SF,T,T,0,Dd,1,72,1,240,
2024-12-16 10:16:38.362205029,CXG3H54T4CtwBU0pZi,192.168.28.11,58831,255.255.255.255,8610,udp,,0 days 00:00:00.000045,32,0,S0,T,T,0,D,2,88,0,0,
2024-12-16 10:16:41.434170961,CmYeJS3nRsvFj9qM0j,192.168.28.208,62623,255.255.255.255,8610,udp,,0 days 00:00:00.000050,32,0,S0,T,T,0,D,2,88,0,0,
2024-12-16 10:17:47.112248898,CZAnVp2b33Dx76H10i,192.168.28.229,38186,192.168.28.40,8009,tcp,,0 days 00:00:00.009426,0,0,REJ,T,T,0,Sr,1,60,1,40,
2024-12-16 10:18:00.086787939,CGsNhS2YNKSqFa7VHd,192.168.28.229,56501,192.168.28.1,53,udp,dns,0 days 00:00:00.004316,28,180,SF,T,T,0,Dd,1,56,1,208,
2024-12-16 10:17:10.109261990,CH0wWI1jUpMkzBbq16,192.168.28.11,65260,255.255.255.255,8610,udp,,0 days 00:00:00.000056,32,0,S0,T,T,0,D,2,88,0,0,
2024-12-16 10:17:13.179848909,Chlena3PH7x9bl8h3l,192.168.28.208,53550,255.255.255.255,8610,udp,,0 days 00:00:00.000050,32,0,S0,T,T,0,D,2,88,0,0,
2024-12-16 10:18:12.392975092,CTt7LE24Hibo52hpc,192.168.28.229,46690,192.168.28.40,8009,tcp,,0 days 00:00:00.009047,0,0,REJ,T,T,0,Sr,1,60,1,40,
2024-12-16 10:18:19.684946060,C6Xmnl1af22rkmGAe3,192.168.28.229,49865,192.168.28.1,53,udp,dns,0 days 00:00:00.004742,44,196,SF,T,T,0,Dd,1,72,1,224,
2024-12-16 10:18:19.685022116,C3nGRD3pRI0tAgbuI3,192.168.28.229,43024,192.168.28.1,53,udp,dns,0 days 00:00:00.004675,44,180,SF,T,T,0,Dd,1,72,1,208,
2024-12-16 10:17:41.856091022,CpB14w4R8gTrezGH1d,192.168.28.11,50334,255.255.255.255,8610,udp,,0 days 00:00:00.000053,32,0,S0,T,T,0,D,2,88,0,0,
2024-12-16 10:17:44.824207067,CNt4ntZZie9NQCOGc,192.168.28.208,58271,255.255.255.255,8610,udp,,0 days 00:00:00.000040,32,0,S0,T,T,0,D,2,88,0,0,
2024-12-16 10:18:13.599138021,CfNxu74oEVk63tlY7d,192.168.28.11,62066,255.255.255.255,8610,udp,,0 days 00:00:00.000054,32,0,S0,T,T,0,D,2,88,0,0,
2024-12-16 10:19:05.710196018,CjfZil4aoNchTyeNX9,192.168.28.229,56234,192.168.28.1,53,udp,dns,0 days 00:00:00.006367,33,185,SF,T,T,0,Dd,1,61,1,213,
2024-12-16 10:18:16.465806007,CCMXPA2WCo7cSX4cdh,192.168.28.208,50363,255.255.255.255,8610,udp,,0 days 00:00:00.000050,32,0,S0,T,T,0,D,2,88,0,0,
2024-12-16 10:19:10.676717043,CgiIpK28MiYfkUWMn9,192.168.28.229,59768,192.168.28.1,53,udp,dns,0 days 00:00:00.008429,33,49,SF,T,T,0,Dd,1,61,1,77,
2024-12-16 10:18:45.345832109,CS2jnr38u7dt4N9W3k,192.168.28.11,52077,255.255.255.255,8610,udp,,0 days 00:00:00.000056,32,0,S0,T,T,0,D,2,88,0,0,
2024-12-16 10:18:48.212867022,CkeF2L3kkN0uiqnRDf,192.168.28.208,62414,255.255.255.255,8610,udp,,0 days 00:00:00.000050,32,0,S0,T,T,0,D,2,88,0,0,
2024-12-16 10:19:17.091087103,CUABR04cAKOcoMSCEd,192.168.28.11,57238,255.255.255.255,8610,udp,,0 days 00:00:00.000052,32,0,S0,T,T,0,D,2,88,0,0,
2024-12-16 10:19:19.854944944,CrpO251hTuAxWbcJM6,192.168.28.208,62062,255.255.255.255,8610,udp,,0 days 00:00:00.000069,32,0,S0,T,T,0,D,2,88,0,0,
2024-12-16 10:20:17.743619919,CWDnGN4dyPiPloSz8,192.168.28.229,39803,192.168.28.1,53,udp,dns,0 days 00:00:00.006356,49,201,SF,T,T,0,Dd,1,77,1,229,
2024-12-16 10:20:17.996819019,C7VUM7RhsH0N8W5We,192.168.28.229,47763,192.168.28.1,53,udp,dns,0 days 00:00:00.004341,49,49,SF,T,T,0,Dd,1,77,1,77,
2024-12-16 10:19:48.836244106,C7qNmU1iwEnDIcPBHj,192.168.28.11,51201,255.255.255.255,8610,udp,,0 days 00:00:00.000049,32,0,S0,T,T,0,D,2,88,0,0,
2024-12-16 10:19:51.497560978,CgWyeVvqkvS8xGCS5,192.168.28.208,60555,255.255.255.255,8610,udp,,0 days 00:00:00.000056,32,0,S0,T,T,0,D,2,88,0,0,
2024-12-16 10:20:43.061295033,CngSSh32PR1TA5kcl7,192.168.28.229,33907,192.168.28.1,53,udp,dns,0 days 00:00:00.009223,47,383,SF,T,T,0,Dd,1,75,1,411,
2024-12-16 10:20:20.579508066,Cc7Wy62kDGc67PiqYh,192.168.28.11,55749,255.255.255.255,8610,udp,,0 days 00:00:00.000050,32,0,S0,T,T,0,D,2,88,0,0,
2024-12-16 10:20:23.140465021,Cgd7JJ3SWD0fWDQgZ5,192.168.28.208,54025,255.255.255.255,8610,udp,,0 days 00:00:00.000054,32,0,S0,T,T,0,D,2,88,0,0,
2024-12-16 10:21:18.674494028,Cy6bZYHvYnXNYZ3He,192.168.28.229,33758,192.168.28.1,53,udp,dns,0 days 00:00:00.006152,49,201,SF,T,T,0,Dd,1,77,1,229,
2024-12-16 10:21:34.340857029,CATa582UIAAVErc3yb,192.168.28.229,48507,192.168.28.1,53,udp,dns,0 days 00:00:00.006698,52,204,SF,T,T,0,Dd,1,80,1,232,
2024-12-16 10:21:34.341155052,CvSPfl15tVrVDEhh1j,192.168.28.229,49211,192.168.28.1,53,udp,dns,0 days 00:00:00.006431,52,188,SF,T,T,0,Dd,1,80,1,216,
2024-12-16 10:20:52.324811935,CViiz54cVGPIFnkK0e,192.168.28.11,55625,255.255.255.255,8610,udp,,0 days 00:00:00.000399,32,0,S0,T,T,0,D,2,88,0,0,
2024-12-16 10:21:43.513605118,CViHLmtv90Fkpdcq3,192.168.28.229,43243,192.168.28.1,53,udp,dns,0 days 00:00:00.008887,47,383,SF,T,T,0,Dd,1,75,1,411,
2024-12-16 10:20:54.783972025,CyEjG04JMSOs0CnU5e,192.168.28.208,53098,255.255.255.255,8610,udp,,0 days 00:00:00.000051,32,0,S0,T,T,0,D,2,88,0,0,
2024-12-16 10:22:05.986458063,CM60Gf4j8X4YYGZFzj,192.168.28.229,38105,192.168.28.1,53,udp,dns,0 days 00:00:00.005246,35,78,SF,T,T,0,Dd,1,63,1,106,
2024-12-16 10:22:06.243761063,CMSo1d4IErksLn5PJl,192.168.28.229,36858,192.168.28.1,53,udp,dns,0 days 00:00:00.006830,46,46,SF,T,T,0,Dd,1,74,1,74,
2024-12-16 10:22:13.061731100,CuRDfu3yhyaTCUr61e,192.168.28.229,42774,192.168.28.1,53,udp,dns,0 days 00:00:00.009392,47,239,SF,T,T,0,Dd,1,75,1,267,
2024-12-16 10:21:24.072230101,CNFVTaupHkUUfi67e,192.168.28.11,64943,255.255.255.255,8610,udp,,0 days 00:00:00.000056,32,0,S0,T,T,0,D,2,88,0,0,
2024-12-16 10:22:14.677737951,CU0JMx32Fh70WjjTe1,192.168.28.229,55265,192.168.28.1,53,udp,dns,0 days 00:00:00.009283,37,189,SF,T,T,0,Dd,1,65,1,217,
2024-12-16 10:21:26.529133081,CAIVy42Rk867rjMLB3,192.168.28.208,54223,255.255.255.255,8610,udp,,0 days 00:00:00.000051,32,0,S0,T,T,0,D,2,88,0,0,
2024-12-16 10:21:55.815078974,CA6RxJ2f8O3kDMYcL4,192.168.28.11,62696,255.255.255.255,8610,udp,,0 days 00:00:00.000056,32,0,S0,T,T,0,D,2,88,0,0,
2024-12-16 10:21:58.172101974,CEXrm6mXUCfZA02M2,192.168.28.208,54249,255.255.255.255,8610,udp,,0 days 00:00:00.000055,32,0,S0,T,T,0,D,2,88,0,0,
2024-12-16 10:22:27.560000896,CiDQcN2t265RJDhRnc,192.168.28.11,53274,255.255.255.255,8610,udp,,0 days 00:00:00.000054,32,0,S0,T,T,0,D,2,88,0,0,
2024-12-16 10:23:18.679038048,ClwULaKiV1UmUiMok,192.168.28.229,55497,192.168.28.1,53,udp,dns,0 days 00:00:00.004964,33,49,SF,T,T,0,Dd,1,61,1,77,
2024-12-16 10:23:18.679394960,CP4p6d4Rdg3XUlrxBb,192.168.28.229,50267,192.168.28.1,53,udp,dns,0 days 00:00:00.006919,33,33,SF,T,T,0,Dd,1,61,1,61,
2024-12-16 10:22:29.815495014,CJDnMC3Pp9mxAual1d,192.168.28.208,61187,255.255.255.255,8610,udp,,0 days 00:00:00.000050,32,0,S0,T,T,0,D,2,88,0,0,
2024-12-16 10:22:59.305340052,CT2se64Rh5DTh0lnBi,192.168.28.11,57508,255.255.255.255,8610,udp,,0 days 00:00:00.000054,32,0,S0,T,T,0,D,2,88,0,0,
2024-12-16 10:23:01.455689907,C1nCeS2n9WWOzlAL3,192.168.28.208,60213,255.255.255.255,8610,udp,,0 days 00:00:00.000055,32,0,S0,T,T,0,D,2,88,0,0,
2024-12-16 10:23:31.050553083,CR1zs319PnkG8CbTcb,192.168.28.11,58856,255.255.255.255,8610,udp,,0 days 00:00:00.000051,32,0,S0,T,T,0,D,2,88,0,0,
2024-12-16 10:24:21.461992979,CwnS8311IefxqUvxp1,192.168.28.229,59481,192.168.28.1,53,udp,dns,0 days 00:00:00.006018,35,35,SF,T,T,0,Dd,1,63,1,63,
2024-12-16 10:24:02.797415018,Cvt6lS3lg2Tt1CbwV6,192.168.28.11,59815,255.255.255.255,8610,udp,,0 days 00:00:00.000052,32,0,S0,T,T,0,D,2,88,0,0,
2024-12-16 10:24:04.740982056,CPORRm37bG4wCJHeag,192.168.28.208,53875,255.255.255.255,8610,udp,,0 days 00:00:00.000057,32,0,S0,T,T,0,D,2,88,0,0,
2024-12-16 10:25:18.385036945,CuLH622ok5AUVGDsc7,192.168.28.229,53946,192.168.28.1,53,udp,dns,0 days 00:00:00.006488,49,49,SF,T,T,0,Dd,1,77,1,77,
2024-12-16 10:24:34.642812967,Cwf4aJqgoXJ3zWSrd,192.168.28.11,61375,255.255.255.255,8610,udp,,0 days 00:00:00.000063,32,0,S0,T,T,0,D,2,88,0,0,
2024-12-16 10:24:36.383738995,Cxhsw21pXoOB37DdAh,192.168.28.208,50199,255.255.255.255,8610,udp,,0 days 00:00:00.000052,32,0,S0,T,T,0,D,2,88,0,0,
2024-12-16 10:25:37.728091955,Cvt9fE1MdYidKDyLHe,192.168.28.29,5353,224.0.0.251,5353,udp,dns,0 days 00:00:00.000078,2048,0,S0,T,F,0,D,2,2104,0,0,
2024-12-16 10:25:43.061887026,CgfId63rjEjpWJGud8,192.168.28.229,56942,192.168.28.1,53,udp,dns,0 days 00:00:00.007820,47,383,SF,T,T,0,Dd,1,75,1,411,
2024-12-16 10:25:06.387892008,C7Knlp4k4C1ZHszTS2,192.168.28.11,63195,255.255.255.255,8610,udp,,0 days 00:00:00.000055,32,0,S0,T,T,0,D,2,88,0,0,
2024-12-16 10:25:08.232688904,CvoVLoyQtgxHX5Nha,192.168.28.208,54978,255.255.255.255,8610,udp,,0 days 00:00:00.000053,32,0,S0,T,T,0,D,2,88,0,0,
2024-12-16 10:26:06.198724031,CI6ZxL3vzFQAZDFrci,192.168.28.229,46207,192.168.28.1,53,udp,dns,0 days 00:00:00.004664,28,180,SF,T,T,0,Dd,1,56,1,208,
2024-12-16 10:25:38.031455039,C4i9bv1wtbwKWQflf8,192.168.28.11,50061,255.255.255.255,8610,udp,,0 days 00:00:00.000030,32,0,S0,T,T,0,D,2,88,0,0,
2024-12-16 10:25:39.878500938,CQ5xah1EoG3WqeMDPc,192.168.28.208,63666,255.255.255.255,8610,udp,,0 days 00:00:00.000036,32,0,S0,T,T,0,D,2,88,0,0,
2024-12-16 10:26:43.512867928,CAXt1P2AQmPBcGjBCa,192.168.28.229,33604,192.168.28.1,53,udp,dns,0 days 00:00:00.008523,47,383,SF,T,T,0,Dd,1,75,1,411,
2024-12-16 10:26:11.516668080,CbTIws2uNZGJAoYgg3,192.168.28.208,49665,255.255.255.255,8610,udp,,0 days 00:00:00.000050,32,0,S0,T,T,0,D,2,88,0,0,
2024-12-16 10:27:13.061032057,CpH6Be46CQ05vfjwEj,192.168.28.229,49092,192.168.28.1,53,udp,dns,0 days 00:00:00.007547,47,239,SF,T,T,0,Dd,1,75,1,267,
2024-12-16 10:26:41.522157907,CbzIUW1Jbi7FIe5nrk,192.168.28.11,64139,255.255.255.255,8610,udp,,0 days 00:00:00.000052,32,0,S0,T,T,0,D,2,88,0,0,
2024-12-16 10:26:43.162302971,CA7Yz11Dklnx3B0ZXd,192.168.28.208,62142,255.255.255.255,8610,udp,,0 days 00:00:00.000030,32,0,S0,T,T,0,D,2,88,0,0,
2024-12-16 10:27:13.265592098,CA5YqT2EpHAlIslAc2,192.168.28.11,57395,255.255.255.255,8610,udp,,0 days 00:00:00.000064999,32,0,S0,T,T,0,D,2,88,0,0,
2024-12-16 10:27:14.698919058,CC0k591ICfR2Fpyci8,192.168.28.208,64163,255.255.255.255,8610,udp,,0 days 00:00:00.000053,32,0,S0,T,T,0,D,2,88,0,0,
2024-12-16 10:28:08.675569057,CY1poDUqRyFC1nsL7,192.168.28.229,57552,192.168.28.1,53,udp,dns,0 days 00:00:00.006289,33,49,SF,T,T,0,Dd,1,61,1,77,
2024-12-16 10:28:08.676168919,CwIGTzeFNBsoZD2Oj,192.168.28.229,56101,192.168.28.1,53,udp,dns,0 days 00:00:00.005736,33,33,SF,T,T,0,Dd,1,61,1,61,
2024-12-16 10:27:45.010169029,C6hFPgr1k3oNNKSu2,192.168.28.11,64171,255.255.255.255,8610,udp,,0 days 00:00:00.000053,32,0,S0,T,T,0,D,2,88,0,0,
2024-12-16 10:27:46.341527939,C9f3Su4y4DbZKBOHA3,192.168.28.208,63006,255.255.255.255,8610,udp,,0 days 00:00:00.000052,32,0,S0,T,T,0,D,2,88,0,0,
2024-12-16 10:28:46.972357988,CtUMbK3ZEUOPHvrSX4,192.168.28.229,48700,192.168.28.1,53,udp,dns,0 days 00:00:00.007396,46,46,SF,T,T,0,Dd,1,74,1,74,
2024-12-16 10:29:05.814632893,COhTjW1xqXchtvstwj,192.168.28.229,45492,192.168.28.1,53,udp,dns,0 days 00:00:00.006089,28,180,SF,T,T,0,Dd,1,56,1,208,
2024-12-16 10:28:16.755063057,Cw8o5J11MjdoaVOXac,192.168.28.11,59077,255.255.255.255,8610,udp,,0 days 00:00:00.000047,32,0,S0,T,T,0,D,2,88,0,0,
2024-12-16 10:28:17.984070063,CEWQYt2OiW7yNXIgEg,192.168.28.208,52168,255.255.255.255,8610,udp,,0 days 00:00:00.000022,32,0,S0,T,T,0,D,2,88,0,0,
2024-12-16 10:28:48.603072882,C4zOYnMAuJB8Rd20b,192.168.28.11,60195,255.255.255.255,8610,udp,,0 days 00:00:00.000053,32,0,S0,T,T,0,D,2,88,0,0,
2024-12-16 10:28:49.629077911,CaigwE1Jxramt6tQz,192.168.28.208,49265,255.255.255.255,8610,udp,,0 days 00:00:00.000038,32,0,S0,T,T,0,D,2,88,0,0,
2024-12-16 10:29:21.270787001,CvXgG12cHdpap5Jr05,192.168.28.208,51303,255.255.255.255,8610,udp,,0 days 00:00:00.000039,32,0,S0,T,T,0,D,2,88,0,0,
2024-12-16 10:29:51.990040064,CByezAJhPHPwHz9zb,192.168.28.11,49666,255.255.255.255,8610,udp,,0 days 00:00:00.000053,32,0,S0,T,T,0,D,2,88,0,0,
2024-12-16 10:29:52.809623957,CQvspJAmeiL5AcK68,192.168.28.208,53431,255.255.255.255,8610,udp,,0 days 00:00:00.000055,32,0,S0,T,T,0,D,2,88,0,0,
2024-12-16 10:30:23.736862898,CyrNW13TolIhKZ3zI2,192.168.28.11,59447,255.255.255.255,8610,udp,,0 days 00:00:00.000055,32,0,S0,T,T,0,D,2,88,0,0,
2024-12-16 10:30:24.554913044,C0Jqid2XmIsRRNuSt1,192.168.28.208,61947,255.255.255.255,8610,udp,,0 days 00:00:00.000055,32,0,S0,T,T,0,D,2,88,0,0,
2024-12-16 10:31:19.954039097,CmLdpC4jMBYeCQN3y6,192.168.28.30,5353,224.0.0.251,5353,udp,dns,0 days 00:00:00.000082,116,0,S0,T,F,0,D,2,172,0,0,
2024-12-16 10:31:19.954117060,CadLQn4VAoNFfLdw2b,fe80::d35b:52df:37f8:de38,5353,ff02::fb,5353,udp,dns,0 days 00:00:00.000040,116,0,S0,T,F,0,D,2,212,0,0,
2024-12-16 10:31:43.513408899,C8OKkf29Vx7L0aczF1,192.168.28.229,51689,192.168.28.1,53,udp,dns,0 days 00:00:00.006735,47,383,SF,T,T,0,Dd,1,75,1,411,
2024-12-16 10:30:55.480024099,Cs7Jze6YeVDogMpCa,192.168.28.11,62618,255.255.255.255,8610,udp,,0 days 00:00:00.000050,32,0,S0,T,T,0,D,2,88,0,0,
2024-12-16 10:30:56.200140953,CpbogU3DAeHtOau10c,192.168.28.208,54256,255.255.255.255,8610,udp,,0 days 00:00:00.000031,32,0,S0,T,T,0,D,2,88,0,0,
2024-12-16 10:31:56.678970098,CbjdWm4j0AZAajqiQ2,192.168.28.229,37174,192.168.28.1,53,udp,dns,0 days 00:00:00.006502,33,185,SF,T,T,0,Dd,1,61,1,213,
2024-12-16 10:32:13.061630011,CVFtoGVeVG3A1mjqe,192.168.28.229,54354,192.168.28.1,53,udp,dns,0 days 00:00:00.007985,47,239,SF,T,T,0,Dd,1,75,1,267,
2024-12-16 10:31:27.222735882,Cz8wq03SHn51dzxTta,192.168.28.11,60972,255.255.255.255,8610,udp,,0 days 00:00:00.000043,32,0,S0,T,T,0,D,2,88,0,0,
2024-12-16 10:31:27.836036921,Ckq9D916ztLI8LNJs8,192.168.28.208,53509,255.255.255.255,8610,udp,,0 days 00:00:00.000055,32,0,S0,T,T,0,D,2,88,0,0,
2024-12-16 10:31:59.475311041,CSvIPH1X2Z3rt8WT88,192.168.28.208,61405,255.255.255.255,8610,udp,,0 days 00:00:00.000040,32,0,S0,T,T,0,D,2,88,0,0,
2024-12-16 10:33:02.674639940,CefHkz1SDSeMVDHbu2,192.168.28.229,38802,192.168.28.1,53,udp,dns,0 days 00:00:00.006646,33,49,SF,T,T,0,Dd,1,61,1,77,
2024-12-16 10:33:02.674714088,C9aC7e4inuku3MkXTk,192.168.28.229,49263,192.168.28.1,53,udp,dns,0 days 00:00:00.006555,33,33,SF,T,T,0,Dd,1,61,1,61,
2024-12-16 10:32:30.605279922,CXpapw3XZNUqOqkL7f,192.168.28.11,61222,255.255.255.255,8610,udp,,0 days 00:00:00.000053,32,0,S0,T,T,0,D,2,88,0,0,
2024-12-16 10:32:31.115915060,Ckc6E01gGRrKLMCAs3,192.168.28.208,55865,255.255.255.255,8610,udp,,0 days 00:00:00.000049,32,0,S0,T,T,0,D,2,88,0,0,
2024-12-16 10:33:02.346220016,CAi6v11o8CkQc7kAmg,192.168.28.11,61398,255.255.255.255,8610,udp,,0 days 00:00:00.000052,32,0,S0,T,T,0,D,2,88,0,0,
2024-12-16 10:33:02.755919933,C4jFGp4BXbawZvJbN1,192.168.28.208,65372,255.255.255.255,8610,udp,,0 days 00:00:00.000050,32,0,S0,T,T,0,D,2,88,0,0,
2024-12-16 10:33:34.191739082,C2Q09X3sBzN1mgX7Cg,192.168.28.11,59206,255.255.255.255,8610,udp,,0 days 00:00:00.000078,32,0,S0,T,T,0,D,2,88,0,0,
2024-12-16 10:34:25.832674980,CkgTyX2Q3gjt80rhd4,192.168.28.229,46653,192.168.28.1,53,udp,dns,0 days 00:00:00.005836,46,46,SF,T,T,0,Dd,1,74,1,74,
2024-12-16 10:34:05.933809996,CqaO3d1HH8rSwb0rI5,192.168.28.11,55238,255.255.255.255,8610,udp,,0 days 00:00:00.000048,32,0,S0,T,T,0,D,2,88,0,0,
2024-12-16 10:34:06.036240101,CTjovi1jIPCB1lKt1c,192.168.28.208,52565,255.255.255.255,8610,udp,,0 days 00:00:00.000298,32,0,S0,T,T,0,D,2,88,0,0,
2024-12-16 10:35:05.712121010,CnLwGnO0SNra91mq3,192.168.28.229,38901,192.168.28.1,53,udp,dns,0 days 00:00:00.004677,33,185,SF,T,T,0,Dd,1,61,1,213,
2024-12-16 10:35:05.712241888,C5whxBCm6aqjwGybb,192.168.28.229,33640,192.168.28.1,53,udp,dns,0 days 00:00:00.004574,33,169,SF,T,T,0,Dd,1,61,1,197,
2024-12-16 10:35:07.170582056,Czn5DR1lKINalschrg,192.168.28.208,5353,224.0.0.251,5353,udp,dns,0 days 00:00:00.000078,116,0,S0,T,F,0,D,2,172,0,0,
2024-12-16 10:35:07.170656919,C2wc5F4CbBCnn9lVEg,fe80::1561:eb94:5124:dbe7,5353,ff02::fb,5353,udp,dns,0 days 00:00:00.000037,116,0,S0,T,F,0,D,2,212,0,0,
2024-12-16 10:34:37.678670883,CDxwuR2pzA9fzGx6i4,192.168.28.11,62884,255.255.255.255,8610,udp,,0 days 00:00:00.000058,32,0,S0,T,T,0,D,2,88,0,0,
2024-12-16 10:34:37.678736925,C5N0244IGg6eD182nd,192.168.28.208,53979,255.255.255.255,8610,udp,,0 days 00:00:00.000010,32,0,S0,T,T,0,D,2,88,0,0,
2024-12-16 10:35:43.061300039,CyYajy1Oousq93bAl6,192.168.28.229,38524,192.168.28.1,53,udp,dns,0 days 00:00:00.008207,47,383,SF,T,T,0,Dd,1,75,1,411,
2024-12-16 10:35:09.320549011,C3zrK31VcL8UOITwL,192.168.28.208,64915,255.255.255.255,8610,udp,,0 days 00:00:00.000031,32,0,S0,T,T,0,D,2,88,0,0,
2024-12-16 10:35:09.420317888,CtfOaL1E5K83ysL4J2,192.168.28.11,54863,255.255.255.255,8610,udp,,0 days 00:00:00.000053,32,0,S0,T,T,0,D,2,88,0,0,
2024-12-16 10:07:39.511753082,CNsCsNUMohXaUzyVd,192.168.28.36,57621,192.168.28.255,57621,udp,,0 days 00:28:01.550601,2024,0,S0,T,T,0,D,46,3312,0,0,
2024-12-16 10:35:41.062411070,CM7cHE4zBEBxFXD4Mg,192.168.28.208,60434,255.255.255.255,8610,udp,,0 days 00:00:00.000012,32,0,S0,T,T,0,D,2,88,0,0,
2024-12-16 10:35:41.162923098,Cw7cH73KYd2srXhySj,192.168.28.11,59864,255.255.255.255,8610,udp,,0 days 00:00:00.000052,32,0,S0,T,T,0,D,2,88,0,0,
2024-12-16 10:36:43.514774084,CZvnVAxGjvX4WQIa5,192.168.28.229,32991,192.168.28.1,53,udp,dns,0 days 00:00:00.008451,47,383,SF,T,T,0,Dd,1,75,1,411,
2024-12-16 10:36:12.803261042,CD0NGt1lDLh8K0rxe7,192.168.28.208,53707,255.255.255.255,8610,udp,,0 days 00:00:00.000051,32,0,S0,T,T,0,D,2,88,0,0,
2024-12-16 10:36:12.905786037,CaWbIl4P8wUnOhHs2i,192.168.28.11,61412,255.255.255.255,8610,udp,,0 days 00:00:00.000059,32,0,S0,T,T,0,D,2,88,0,0,
2024-12-16 10:36:44.444071054,CNXR8d2fLVk86DpVsh,192.168.28.208,64616,255.255.255.255,8610,udp,,0 days 00:00:00.000040,32,0,S0,T,T,0,D,2,88,0,0,
2024-12-16 10:36:44.957617044,C1EhuJrvZD7dMJHp5,192.168.28.11,56424,255.255.255.255,8610,udp,,0 days 00:00:00.000055,32,0,S0,T,T,0,D,2,88,0,0,
2024-12-16 10:13:58.005474091,CCEIHW1jYD9MR2hSn7,192.168.28.229,59748,140.82.114.26,443,tcp,ssl,0 days 00:24:01.294411,4034,4926,SF,T,F,2848,ShADacgdTtfF,74,8113,84,6555,
2024-12-16 10:37:59.415045977,C797g41JQHzMlGJTjf,192.168.28.229,33947,192.168.28.1,53,udp,dns,0 days 00:00:00.007359,33,33,SF,T,T,0,Dd,1,61,1,61,
2024-12-16 10:15:04.461081982,C6nzBgHLsRQiobIx,192.168.28.229,50234,140.82.113.25,443,tcp,ssl,0 days 00:23:02.415925,4061,4900,SF,T,F,2848,ShADacgdtTfF,69,8135,81,6865,
2024-12-16 10:37:13.011147022,CMXrjn1xfeC8r4crm7,192.168.28.229,68,192.168.28.1,67,udp,dhcp,0 days 00:00:00.007232,284,300,SF,T,T,0,Dd,1,312,1,328,
2024-12-16 10:37:16.189160109,C1Ox7g4wnDqCTYLI1i,192.168.28.208,53507,255.255.255.255,8610,udp,,0 days 00:00:00.000004,32,0,S0,T,T,0,D,2,88,0,0,
2024-12-16 10:37:16.699522018,C35epf2rvVEkcEADA7,192.168.28.11,64397,255.255.255.255,8610,udp,,0 days 00:00:00.000002,32,0,S0,T,T,0,D,2,88,0,0,
2024-12-16 10:38:16.145714045,Cxua1115NHd4HaRmtb,192.168.28.229,35251,192.168.28.1,53,udp,dns,0 days 00:00:00.006559,54,206,SF,T,T,0,Dd,1,82,1,234,
2024-12-16 10:38:16.145884037,CALO173Y7TiFTxMTn6,192.168.28.229,50708,192.168.28.1,53,udp,dns,0 days 00:00:00.006391,54,190,SF,T,T,0,Dd,1,82,1,218,
2024-12-16 10:38:17.680022955,CVvXY81fyY4xipxj12,192.168.28.229,59656,192.168.28.1,53,udp,dns,0 days 00:00:00.007423,33,49,SF,T,T,0,Dd,1,61,1,77,
2024-12-16 10:38:17.680299997,Cgl80l41Qh5AMX1dg4,192.168.28.229,55854,192.168.28.1,53,udp,dns,0 days 00:00:00.007150,33,33,SF,T,T,0,Dd,1,61,1,61,
2024-12-16 10:37:47.931690931,Ca0ILp1H7rlCfHX4V5,192.168.28.208,57371,255.255.255.255,8610,udp,,0 days 00:00:00.000020,32,0,S0,T,T,0,D,2,88,0,0,
2024-12-16 10:37:48.444247007,CnXy9z4HPKMNGVVgn1,192.168.28.11,52935,255.255.255.255,8610,udp,,0 days 00:00:00.000002,32,0,S0,T,T,0,D,2,88,0,0,
2024-12-16 10:38:19.572189093,CYoB5Nsh7uipqHUaf,192.168.28.208,62708,255.255.255.255,8610,udp,,0 days 00:00:00.000004,32,0,S0,T,T,0,D,2,88,0,0,
2024-12-16 10:38:20.084311962,C9GhEv2gdeZGdusyhh,192.168.28.11,57389,255.255.255.255,8610,udp,,0 days 00:00:00.000003,32,0,S0,T,T,0,D,2,88,0,0,
2024-12-16 10:39:19.813143969,CsZhWoCVjnqNd0q64,192.168.28.229,50233,192.168.28.1,53,udp,dns,0 days 00:00:00.006481,35,35,SF,T,T,0,Dd,1,63,1,63,
2024-12-16 10:38:51.316255093,Cn1W8D4GyICuAh0DU3,192.168.28.208,58680,255.255.255.255,8610,udp,,0 days 00:00:00.000004,32,0,S0,T,T,0,D,2,88,0,0,
2024-12-16 10:38:51.828175068,CLOKIT1vOpdhY0Oo2,192.168.28.11,58513,255.255.255.255,8610,udp,,0 days 00:00:00.000015,32,0,S0,T,T,0,D,2,88,0,0,
2024-12-16 10:40:05.236825943,C1TVVR1Zhi52xdEYKf,192.168.28.229,58977,192.168.28.1,53,udp,dns,0 days 00:00:00.006042,37,37,SF,T,T,0,Dd,1,65,1,65,
2024-12-16 10:40:06.904623032,CVEMIp1jxwM0W8RN69,192.168.28.229,60872,192.168.28.1,53,udp,dns,0 days 00:00:00.007497,37,37,SF,T,T,0,Dd,1,65,1,65,
2024-12-16 10:39:22.958503008,CK5927nwSV3eow03a,192.168.28.208,49843,255.255.255.255,8610,udp,,0 days 00:00:00.000004,32,0,S0,T,T,0,D,2,88,0,0,
2024-12-16 10:39:23.571476936,CJKoD81Z1Pxe1UWHY,192.168.28.11,59057,255.255.255.255,8610,udp,,0 days 00:00:00.000004,32,0,S0,T,T,0,D,2,88,0,0,
2024-12-16 10:40:19.291558027,Ctm0cg3RFw09Gwfw6d,192.168.28.229,53518,192.168.28.1,53,udp,dns,0 days 00:00:00.006846,46,46,SF,T,T,0,Dd,1,74,1,74,
2024-12-16 10:40:19.810698032,CgHWFx3zuGigHoLtS1,192.168.28.229,58348,192.168.28.1,53,udp,dns,0 days 00:00:00.006836,49,49,SF,T,T,0,Dd,1,77,1,77,
2024-12-16 10:40:33.616095066,CZknxe15bcX2Z05fv4,192.168.28.229,50242,192.168.28.1,53,udp,dns,0 days 00:00:00.006830,60,60,SF,T,T,0,Dd,1,88,1,88,
2024-12-16 10:40:43.062094927,CtmBaf3VKmriKQmBcb,192.168.28.229,36424,192.168.28.1,53,udp,dns,0 days 00:00:00.009342,47,383,SF,T,T,0,Dd,1,75,1,411,
2024-12-16 10:40:43.847300053,CXqg1B27eUuAFSE5vg,192.168.28.229,51667,192.168.28.1,53,udp,dns,0 days 00:00:00.009034,37,37,SF,T,T,0,Dd,1,65,1,65,
2024-12-16 10:40:44.169965029,CcCLWCOtqr6QbuRwd,192.168.28.229,53411,192.168.28.1,53,udp,dns,0 days 00:00:00.006516,37,37,SF,T,T,0,Dd,1,65,1,65,
2024-12-16 10:39:54.597893953,CqqhvYky2udkfOKtc,192.168.28.208,65452,255.255.255.255,8610,udp,,0 days 00:00:00.000006,32,0,S0,T,T,0,D,2,88,0,0,
2024-12-16 10:39:55.316462040,Ct3ToP2NL0ok7PsEo8,192.168.28.11,55849,255.255.255.255,8610,udp,,0 days 00:00:00.000004,32,0,S0,T,T,0,D,2,88,0,0,
2024-12-16 10:40:46.133595943,ClmKjq2qAdHKMIrYva,192.168.28.229,35533,192.168.28.1,53,udp,dns,0 days 00:00:00.007245,37,37,SF,T,T,0,Dd,1,65,1,65,
2024-12-16 10:40:50.271050930,CTkqaN1Uc4xkmLEhc4,192.168.28.229,43115,192.168.28.1,53,udp,dns,0 days 00:00:00.005135,43,88,SF,T,T,0,Dd,1,71,1,116,
2024-12-16 10:40:26.242818117,Cjz4QMuuq8dh77gPc,192.168.28.208,61795,255.255.255.255,8610,udp,,0 days 00:00:00.000004,32,0,S0,T,T,0,D,2,88,0,0,
2024-12-16 10:40:27.058887005,CaYVCp22m5Wk0M8Fd2,192.168.28.11,61889,255.255.255.255,8610,udp,,0 days 00:00:00.000005,32,0,S0,T,T,0,D,2,88,0,0,
2024-12-16 10:41:21.134610891,C23C1c4ol06SVOOD4b,192.168.28.229,37045,192.168.28.1,53,udp,dns,0 days 00:00:00.006129,49,201,SF,T,T,0,Dd,1,77,1,229,
2024-12-16 10:41:43.514602900,CrVb4239vVOlHGf52i,192.168.28.229,33846,192.168.28.1,53,udp,dns,0 days 00:00:00.008490,47,383,SF,T,T,0,Dd,1,75,1,411,
2024-12-16 10:40:57.880605936,CzvESvi5kkRy9NFW2,192.168.28.208,49257,255.255.255.255,8610,udp,,0 days 00:00:00.000004,32,0,S0,T,T,0,D,2,88,0,0,
2024-12-16 10:40:58.700012922,C55L07o7TX48pXSP7,192.168.28.11,62850,255.255.255.255,8610,udp,,0 days 00:00:00.000004,32,0,S0,T,T,0,D,2,88,0,0,
2024-12-16 10:41:55.679855108,CYMY3A1cCyLZKSaeMe,192.168.28.229,37083,192.168.28.1,53,udp,dns,0 days 00:00:00.007842,49,201,SF,T,T,0,Dd,1,77,1,229,
2024-12-16 10:41:56.535496950,C38Kcg2oiKNl2BZuN9,192.168.28.229,41423,192.168.28.1,53,udp,dns,0 days 00:00:00.008565,33,185,SF,T,T,0,Dd,1,61,1,213,
2024-12-16 10:42:13.061830044,C5FAfv4UfW13cLaRE7,192.168.28.229,35724,192.168.28.1,53,udp,dns,0 days 00:00:00.008968,47,239,SF,T,T,0,Dd,1,75,1,267,
2024-12-16 10:42:13.677745104,CfKkPn36D9YJjNhcr9,192.168.28.229,59999,192.168.28.1,53,udp,dns,0 days 00:00:00.005065,33,185,SF,T,T,0,Dd,1,61,1,213,
2024-12-16 10:42:16.462646008,CNJsBS3v0Ih6VOessi,192.168.28.229,48695,192.168.28.1,53,udp,dns,0 days 00:00:00.007076,38,174,SF,T,T,0,Dd,1,66,1,202,
2024-12-16 10:42:18.675757885,CULOQw3PLc4b28JFY2,192.168.28.229,52718,192.168.28.1,53,udp,dns,0 days 00:00:00.007761,37,189,SF,T,T,0,Dd,1,65,1,217,
2024-12-16 10:41:29.523358106,CR3LeB2wKygVQ5XB1h,192.168.28.208,55630,255.255.255.255,8610,udp,,0 days 00:00:00.000004,32,0,S0,T,T,0,D,2,88,0,0,
2024-12-16 10:41:30.443517923,CUztXU3Dx2ZvJwrUd,192.168.28.11,53106,255.255.255.255,8610,udp,,0 days 00:00:00.000004,32,0,S0,T,T,0,D,2,88,0,0,
2024-12-16 10:42:01.265966892,C4EqmZ1fksMu612va5,192.168.28.208,55329,255.255.255.255,8610,udp,,0 days 00:00:00.000004,32,0,S0,T,T,0,D,2,88,0,0,
2024-12-16 10:42:02.291518927,C0k6hg3fDrFKiPD0q7,192.168.28.11,55429,255.255.255.255,8610,udp,,0 days 00:00:00.000004,32,0,S0,T,T,0,D,2,88,0,0,
2024-12-16 10:42:55.749706030,Cs1Nq74b3KKOBeLKj8,192.168.28.229,46788,192.168.28.1,53,udp,dns,0 days 00:00:00.006016,37,37,SF,T,T,0,Dd,1,65,1,65,
2024-12-16 10:43:07.677004099,CEkWI4X17cZWtFfl8,192.168.28.229,57593,192.168.28.1,53,udp,dns,0 days 00:00:00.007301,33,49,SF,T,T,0,Dd,1,61,1,77,
2024-12-16 10:43:07.677377939,Ch0W7D3JNAgjZ239u5,192.168.28.229,44546,192.168.28.1,53,udp,dns,0 days 00:00:00.006923,33,33,SF,T,T,0,Dd,1,61,1,61,
2024-12-16 10:42:33.009982109,CZBOBc2RKYm1wDEbt8,192.168.28.208,60523,255.255.255.255,8610,udp,,0 days 00:00:00.000004,32,0,S0,T,T,0,D,2,88,0,0,
2024-12-16 10:43:23.505928040,C2XpZj3SUUVgIqIE0j,192.168.28.229,54519,192.168.28.1,53,udp,dns,0 days 00:00:00.005596,49,201,SF,T,T,0,Dd,1,77,1,229,
2024-12-16 10:43:23.506092071,CUE4iC2eguCAUvzNtl,192.168.28.229,58965,192.168.28.1,53,udp,dns,0 days 00:00:00.005434,49,185,SF,T,T,0,Dd,1,77,1,213,
2024-12-16 10:42:34.137999058,Ci2K4V3kNmswMK8ow1,192.168.28.11,52106,255.255.255.255,8610,udp,,0 days 00:00:00.000003,32,0,S0,T,T,0,D,2,88,0,0,
2024-12-16 10:43:04.651319027,Ceyaul4752XOatc2G9,192.168.28.208,64255,255.255.255.255,8610,udp,,0 days 00:00:00.000004,32,0,S0,T,T,0,D,2,88,0,0,
2024-12-16 10:43:06.085289001,CyJxTB1cZ1BPz0xE8,192.168.28.11,60927,255.255.255.255,8610,udp,,0 days 00:00:00.000005,32,0,S0,T,T,0,D,2,88,0,0,
2024-12-16 10:43:36.397085905,CRaZ9H1zNW3INZyvU5,192.168.28.208,52734,255.255.255.255,8610,udp,,0 days 00:00:00.000005,32,0,S0,T,T,0,D,2,88,0,0,
2024-12-16 10:43:37.830926895,CVTCoH3XVI0EPfIxI7,192.168.28.11,58069,255.255.255.255,8610,udp,,0 days 00:00:00.000004,32,0,S0,T,T,0,D,2,88,0,0,
2024-12-16 10:14:36.358253002,CPUZZt1hqN1UQDZNai,192.168.28.229,50720,199.232.164.84,443,tcp,ssl,0 days 00:30:10.696510,11569,71457,SF,T,F,67586,ShADacgdtfF,77,15617,65,20111,
2024-12-16 10:44:09.572873116,CvJliy2RlVMCusFnw3,192.168.28.11,61230,255.255.255.255,8610,udp,,0 days 00:00:00.000004,32,0,S0,T,T,0,D,2,88,0,0,
2024-12-16 10:45:20.105998039,CSINUn1YVvYmFCnACe,192.168.28.229,59355,192.168.28.1,53,udp,dns,0 days 00:00:00.006584,49,49,SF,T,T,0,Dd,1,77,1,77,
2024-12-16 10:44:39.780989885,CXynay1ziIb2UT5rU,192.168.28.208,52718,255.255.255.255,8610,udp,,0 days 00:00:00.000005,32,0,S0,T,T,0,D,2,88,0,0,
2024-12-16 10:44:41.419709921,CncRSo41k4oTZOU2gc,192.168.28.11,53089,255.255.255.255,8610,udp,,0 days 00:00:00.000005,32,0,S0,T,T,0,D,2,88,0,0,
2024-12-16 10:45:43.061811924,CJRCZp1Bo379Dw8jW1,192.168.28.229,49949,192.168.28.1,53,udp,dns,0 days 00:00:00.009119,47,383,SF,T,T,0,Dd,1,75,1,411,
2024-12-16 10:45:50.603341103,CjRtHp3DvWYapRr4e7,192.168.28.229,59058,192.168.28.1,53,udp,dns,0 days 00:00:00.007510,74,242,SF,T,T,0,Dd,1,102,1,270,
2024-12-16 10:45:50.612709045,CgeOA53wXeNim9QXHf,192.168.28.229,56052,192.168.28.1,53,udp,dns,0 days 00:00:00.006523,74,242,SF,T,T,0,Dd,1,102,1,270,
2024-12-16 10:45:50.620336056,CQO2Iz4RLeczETLcs8,192.168.28.229,55779,192.168.28.1,53,udp,dns,0 days 00:00:00.006492,74,242,SF,T,T,0,Dd,1,102,1,270,
2024-12-16 10:45:50.628479958,CydMi74wvjTV6afHUe,192.168.28.229,54620,192.168.28.1,53,udp,dns,0 days 00:00:00.006698,74,242,SF,T,T,0,Dd,1,102,1,270,
2024-12-16 10:45:50.628801107,C6p3NB36S6QeVWDep9,192.168.28.229,54449,192.168.28.1,53,udp,dns,0 days 00:00:00.006382,74,210,SF,T,T,0,Dd,1,102,1,238,
2024-12-16 10:45:50.636305094,ClOMtG1buorNRZ7Q4k,192.168.28.229,48202,192.168.28.1,53,udp,dns,0 days 00:00:00.008218,74,242,SF,T,T,0,Dd,1,102,1,270,
2024-12-16 10:45:50.646280050,CVYaOw3W3zRpLh1oPf,192.168.28.229,34946,192.168.28.1,53,udp,dns,0 days 00:00:00.005892,74,242,SF,T,T,0,Dd,1,102,1,270,
2024-12-16 10:45:50.653012037,CHZeMi3DuCaiSjUj3d,192.168.28.229,50892,192.168.28.1,53,udp,dns,0 days 00:00:00.006703,74,242,SF,T,T,0,Dd,1,102,1,270,
2024-12-16 10:45:50.666990995,CpSKQ52xnZzHDnnpq8,192.168.28.229,32793,192.168.28.1,53,udp,dns,0 days 00:00:00.006307,74,242,SF,T,T,0,Dd,1,102,1,270,
2024-12-16 10:45:50.667304039,CwRHTn1FQ9CKeBuEq8,192.168.28.229,47721,192.168.28.1,53,udp,dns,0 days 00:00:00.005990,74,210,SF,T,T,0,Dd,1,102,1,238,
2024-12-16 10:45:50.674531937,C8eLxy3iFOsb5R1g76,192.168.28.229,54766,192.168.28.1,53,udp,dns,0 days 00:00:00.006252,74,242,SF,T,T,0,Dd,1,102,1,270,
2024-12-16 10:45:50.682287931,Cd3HHy3nCYMFDp5im8,192.168.28.229,33530,192.168.28.1,53,udp,dns,0 days 00:00:00.006713,74,242,SF,T,T,0,Dd,1,102,1,270,
2024-12-16 10:45:50.689951897,C125kU33MSmO0FON1k,192.168.28.229,37252,192.168.28.1,53,udp,dns,0 days 00:00:00.007148,74,242,SF,T,T,0,Dd,1,102,1,270,
2024-12-16 10:45:50.698709011,CBlHN74TZBVPUOmjfa,192.168.28.229,52943,192.168.28.1,53,udp,dns,0 days 00:00:00.006803,74,242,SF,T,T,0,Dd,1,102,1,270,
2024-12-16 10:45:50.699018002,C7wvRt4J2wN2XI75r4,192.168.28.229,49972,192.168.28.1,53,udp,dns,0 days 00:00:00.006498,74,210,SF,T,T,0,Dd,1,102,1,238,
2024-12-16 10:45:50.706619978,C6JFk4cKsbzTsEMji,192.168.28.229,35060,192.168.28.1,53,udp,dns,0 days 00:00:00.006446,74,242,SF,T,T,0,Dd,1,102,1,270,
2024-12-16 10:45:50.714737892,CI6OIW21saXnV6wWH3,192.168.28.229,40320,192.168.28.1,53,udp,dns,0 days 00:00:00.008151999,74,242,SF,T,T,0,Dd,1,102,1,270,
2024-12-16 10:45:50.723870993,Cz6Lm82Ni17GJz9kdk,192.168.28.229,48550,192.168.28.1,53,udp,dns,0 days 00:00:00.007173,74,242,SF,T,T,0,Dd,1,102,1,270,
2024-12-16 10:45:57.676755905,Crxj2F4UAZdEFMDpxf,192.168.28.229,57225,192.168.28.1,53,udp,dns,0 days 00:00:00.006780,74,226,SF,T,T,0,Dd,1,102,1,254,
2024-12-16 10:45:57.677068949,CQQ8uIEgOoSWP3mhl,192.168.28.229,37257,192.168.28.1,53,udp,dns,0 days 00:00:00.006530,74,210,SF,T,T,0,Dd,1,102,1,238,
2024-12-16 10:45:11.423049927,CXZLDoutcLXtT0Dcg,192.168.28.208,52600,255.255.255.255,8610,udp,,0 days 00:00:00.000004,32,0,S0,T,T,0,D,2,88,0,0,
2024-12-16 10:45:13.163717031,Cr8Eks2ihfnKRdIKPc,192.168.28.11,64871,255.255.255.255,8610,udp,,0 days 00:00:00.000006,32,0,S0,T,T,0,D,2,88,0,0,
2024-12-16 10:46:05.928867102,CFOiTc2aSukF2i1Wl,192.168.28.229,45848,192.168.28.1,53,udp,dns,0 days 00:00:00.005494,28,180,SF,T,T,0,Dd,1,56,1,208,
2024-12-16 10:46:07.031826973,CLr1eF1rb6gNUwicxg,192.168.28.229,51115,192.168.28.1,53,udp,dns,0 days 00:00:00.005474,38,84,SF,T,T,0,Dd,1,66,1,112,
2024-12-16 10:46:07.032161951,CCl7r6OK2n3Xn8gK,192.168.28.229,58427,192.168.28.1,53,udp,dns,0 days 00:00:00.005743,38,38,SF,T,T,0,Dd,1,66,1,66,
2024-12-16 10:46:07.336047888,C6f7gA3u7mev4WksJb,192.168.28.229,40344,192.168.28.1,53,udp,dns,0 days 00:00:00.006972,35,35,SF,T,T,0,Dd,1,63,1,63,
2024-12-16 10:46:19.807032108,Ct3cZn2PtlL9lqpFG6,192.168.28.229,36586,192.168.28.1,53,udp,dns,0 days 00:00:00.006471,38,174,SF,T,T,0,Dd,1,66,1,202,
2024-12-16 10:45:42.962321043,CbFD8aXJFXaqq05D8,192.168.28.208,55004,255.255.255.255,8610,udp,,0 days 00:00:00.000004,32,0,S0,T,T,0,D,2,88,0,0,
2024-12-16 10:45:44.907927990,CSSajA14r8im1I4e2d,192.168.28.11,53842,255.255.255.255,8610,udp,,0 days 00:00:00.000004,32,0,S0,T,T,0,D,2,88,0,0,
2024-12-16 10:46:43.514410973,CT753j1W4GCxK6PZne,192.168.28.229,33908,192.168.28.1,53,udp,dns,0 days 00:00:00.008750,47,383,SF,T,T,0,Dd,1,75,1,411,
2024-12-16 10:46:14.707964897,CTO8ot4Un88bgxDzQe,192.168.28.208,49228,255.255.255.255,8610,udp,,0 days 00:00:00.000003,32,0,S0,T,T,0,D,2,88,0,0,
2024-12-16 10:46:16.654479980,CjjqvZ2Zhcux9onfvf,192.168.28.11,58203,255.255.255.255,8610,udp,,0 days 00:00:00.000001,32,0,S0,T,T,0,D,2,88,0,0,
2024-12-16 10:47:13.060756922,Cdb7Z94quaEYq7eFt1,192.168.28.229,58432,192.168.28.1,53,udp,dns,0 days 00:00:00.008806,47,239,SF,T,T,0,Dd,1,75,1,267,
2024-12-16 10:47:25.706928015,CrSLa84tN7Q7rHuTFd,192.168.28.229,33617,192.168.28.1,53,udp,dns,0 days 00:00:00.007516,44,180,SF,T,T,0,Dd,1,72,1,208,
2024-12-16 10:47:25.851877928,CWyd1727pJWdWidqid,192.168.28.229,53183,192.168.28.1,53,udp,dns,0 days 00:00:00.006322,44,212,SF,T,T,0,Dd,1,72,1,240,
2024-12-16 10:47:25.859236002,CpwzBe1EqY4nKbMQAb,192.168.28.229,56970,192.168.28.1,53,udp,dns,0 days 00:00:00.007726,44,212,SF,T,T,0,Dd,1,72,1,240,
2024-12-16 10:47:25.867491007,Ce2lNk1JJt18zFbn3,192.168.28.229,60147,192.168.28.1,53,udp,dns,0 days 00:00:00.006551,44,212,SF,T,T,0,Dd,1,72,1,240,
2024-12-16 10:47:25.874856949,CPF2BE1AgtMVX6ZuUl,192.168.28.229,49002,192.168.28.1,53,udp,dns,0 days 00:00:00.005559,44,212,SF,T,T,0,Dd,1,72,1,240,
2024-12-16 10:47:25.875005960,CStKY3qnB6AFlA9eb,192.168.28.229,49578,192.168.28.1,53,udp,dns,0 days 00:00:00.005413,44,180,SF,T,T,0,Dd,1,72,1,208,
2024-12-16 10:47:25.880935907,CxKGfG4Fw9uoUoFxXk,192.168.28.229,48279,192.168.28.1,53,udp,dns,0 days 00:00:00.006065,44,212,SF,T,T,0,Dd,1,72,1,240,
2024-12-16 10:47:25.887856960,CHgonk1qSqa8yYU6H8,192.168.28.229,58993,192.168.28.1,53,udp,dns,0 days 00:00:00.006794,44,212,SF,T,T,0,Dd,1,72,1,240,
2024-12-16 10:47:25.895184994,CBzZqo2O7b8R8zPCM9,192.168.28.229,40721,192.168.28.1,53,udp,dns,0 days 00:00:00.005963,44,212,SF,T,T,0,Dd,1,72,1,240,
2024-12-16 10:46:46.348699093,CPNFNm19CCtkfPWcMe,192.168.28.208,54503,255.255.255.255,8610,udp,,0 days 00:00:00.000005,32,0,S0,T,T,0,D,2,88,0,0,
2024-12-16 10:46:48.293510914,CEHiRf4BQYgFUCiJJl,192.168.28.11,60145,255.255.255.255,8610,udp,,0 days 00:00:00.000004,32,0,S0,T,T,0,D,2,88,0,0,
2024-12-16 10:47:45.955135107,CxMs9a1KqgqCVz16bl,192.168.28.229,39311,192.168.28.1,53,udp,dns,0 days 00:00:00.005425,38,190,SF,T,T,0,Dd,1,66,1,218,
2024-12-16 10:48:06.674149990,CkRCLy4un5udjvLApl,192.168.28.229,45101,192.168.28.1,53,udp,dns,0 days 00:00:00.008699,33,49,SF,T,T,0,Dd,1,61,1,77,
2024-12-16 10:48:06.674263954,Coj5Nf11VgrqN7eRag,192.168.28.229,44991,192.168.28.1,53,udp,dns,0 days 00:00:00.008587,33,33,SF,T,T,0,Dd,1,61,1,61,
2024-12-16 10:47:18.092617035,CTQTwd1OeJQhEEpRK7,192.168.28.208,53697,255.255.255.255,8610,udp,,0 days 00:00:00.000004,32,0,S0,T,T,0,D,2,88,0,0,
2024-12-16 10:47:20.039782047,CtXb3T3ZeA3aqeVDz4,192.168.28.11,55379,255.255.255.255,8610,udp,,0 days 00:00:00.000006,32,0,S0,T,T,0,D,2,88,0,0,
2024-12-16 10:48:24.684305906,CsGIE13Sz0cJFyzD3j,192.168.28.229,41229,192.168.28.1,53,udp,dns,0 days 00:00:00.005594,44,196,SF,T,T,0,Dd,1,72,1,224,
2024-12-16 10:48:26.095093966,C1Wgga4X7fRofKTLe,192.168.28.229,38332,192.168.28.1,53,udp,dns,0 days 00:00:00.005458,49,201,SF,T,T,0,Dd,1,77,1,229,
2024-12-16 10:48:26.095383883,CzrzXs3IaC2u55Q6v9,192.168.28.229,59507,192.168.28.1,53,udp,dns,0 days 00:00:00.005496,49,185,SF,T,T,0,Dd,1,77,1,213,
2024-12-16 10:47:49.634711981,CpSJbV1AazdpS8Vy3e,192.168.28.208,58079,255.255.255.255,8610,udp,,0 days 00:00:00.000004,32,0,S0,T,T,0,D,2,88,0,0,
2024-12-16 10:47:51.781847000,CKlduN3PciOtpULsl,192.168.28.11,56963,255.255.255.255,8610,udp,,0 days 00:00:00.000002,32,0,S0,T,T,0,D,2,88,0,0,
2024-12-16 10:48:21.377295971,CQ3cL91sHEPQ1Z5yOe,192.168.28.208,61488,255.255.255.255,8610,udp,,0 days 00:00:00.000003,32,0,S0,T,T,0,D,2,88,0,0,
2024-12-16 10:48:23.527859926,Cf5kVDZv7CHkvmMOb,192.168.28.11,63134,255.255.255.255,8610,udp,,0 days 00:00:00.000004,32,0,S0,T,T,0,D,2,88,0,0,
2024-12-16 10:48:53.019529104,CwwKlk4QHCOdu2gwG9,192.168.28.208,58089,255.255.255.255,8610,udp,,0 days 00:00:00.000004,32,0,S0,T,T,0,D,2,88,0,0,
2024-12-16 10:48:55.170145035,CfNMZPfGVhyWyu4Wj,192.168.28.11,59101,255.255.255.255,8610,udp,,0 days 00:00:00.000004,32,0,S0,T,T,0,D,2,88,0,0,
2024-12-16 10:50:05.716928005,CbGXcSAlMh3cbF8W7,192.168.28.229,50228,192.168.28.1,53,udp,dns,0 days 00:00:00.007025,33,185,SF,T,T,0,Dd,1,61,1,213,
2024-12-16 10:50:06.847359896,Cjn63c3Vq73YnYUeVd,192.168.28.229,41463,192.168.28.1,53,udp,dns,0 days 00:00:00.007526,63,63,SF,T,T,0,Dd,1,91,1,91,
2024-12-16 10:49:24.661241055,C1zvNV1CRZkWyILnyc,192.168.28.208,53632,255.255.255.255,8610,udp,,0 days 00:00:00.000005,32,0,S0,T,T,0,D,2,88,0,0,
2024-12-16 10:49:26.912257910,CeHZvi2uyOISVE2Tgb,192.168.28.11,49790,255.255.255.255,8610,udp,,0 days 00:00:00.000004,32,0,S0,T,T,0,D,2,88,0,0,
2024-12-16 10:50:43.061860085,C7YBU51GUnIT1WZwB1,192.168.28.229,59755,192.168.28.1,53,udp,dns,0 days 00:00:00.007948999,47,383,SF,T,T,0,Dd,1,75,1,411,
2024-12-16 10:49:56.303308010,CrPgwr2kESdanGYs74,192.168.28.208,51892,255.255.255.255,8610,udp,,0 days 00:00:00.000003,32,0,S0,T,T,0,D,2,88,0,0,
2024-12-16 10:49:58.762299061,CoXUwj3vHVGEuaw09f,192.168.28.11,59737,255.255.255.255,8610,udp,,0 days 00:00:00.000004,32,0,S0,T,T,0,D,2,88,0,0,
2024-12-16 10:50:27.943409920,CtirWZ3XXp07Y0QG3g,192.168.28.208,55335,255.255.255.255,8610,udp,,0 days 00:00:00.000004,32,0,S0,T,T,0,D,2,88,0,0,
2024-12-16 10:50:30.505085945,CPPS9K2uDn3BWfYoSd,192.168.28.11,50338,255.255.255.255,8610,udp,,0 days 00:00:00.000004,32,0,S0,T,T,0,D,2,88,0,0,
2024-12-16 10:51:27.042666912,CtMSKA46SQDbv1pnTe,192.168.28.229,44947,192.168.28.1,53,udp,dns,0 days 00:00:00.006978,37,229,SF,T,T,0,Dd,1,65,1,257,
2024-12-16 10:51:27.147450924,CvqDrU3bfKXJxfsyUg,192.168.28.229,34033,192.168.28.1,53,udp,dns,0 days 00:00:00.006709,38,174,SF,T,T,0,Dd,1,66,1,202,
2024-12-16 10:51:43.514306068,Cw5zpEfc0n9s4SpZ5,192.168.28.229,52508,192.168.28.1,53,udp,dns,0 days 00:00:00.008946,47,383,SF,T,T,0,Dd,1,75,1,411,
2024-12-16 10:50:59.585094929,CsEo224xhzJCAndBm5,192.168.28.208,63701,255.255.255.255,8610,udp,,0 days 00:00:00.000003,32,0,S0,T,T,0,D,2,88,0,0,
2024-12-16 10:51:51.405590057,Cepqdf48hmrmI0z0Sa,192.168.28.229,46895,192.168.28.1,53,udp,dns,0 days 00:00:00.004741,28,180,SF,T,T,0,Dd,1,56,1,208,
2024-12-16 10:51:51.632390022,CgBzEu2dlDo65WwZFl,192.168.28.229,55468,192.168.28.1,53,udp,dns,0 days 00:00:00.005590,46,46,SF,T,T,0,Dd,1,74,1,74,
2024-12-16 10:51:02.248080969,C4PRmd1hO7AxHq2oI1,192.168.28.11,57586,255.255.255.255,8610,udp,,0 days 00:00:00.000003,32,0,S0,T,T,0,D,2,88,0,0,
2024-12-16 10:52:13.061167955,CqPo5Q4RL986unIAc,192.168.28.229,46071,192.168.28.1,53,udp,dns,0 days 00:00:00.008931,47,239,SF,T,T,0,Dd,1,75,1,267,
2024-12-16 10:51:31.329284906,CRbFyB45olh4Wn96Xk,192.168.28.208,60066,255.255.255.255,8610,udp,,0 days 00:00:00.000004,32,0,S0,T,T,0,D,2,88,0,0,
2024-12-16 10:51:33.993918896,CVPYzE3vsRykOeoRjh,192.168.28.11,53008,255.255.255.255,8610,udp,,0 days 00:00:00.000004,32,0,S0,T,T,0,D,2,88,0,0,
2024-12-16 10:52:03.073952913,CUOPBOXprh2TWIpr8,192.168.28.208,64361,255.255.255.255,8610,udp,,0 days 00:00:00.000004,32,0,S0,T,T,0,D,2,88,0,0,
2024-12-16 10:52:05.735868931,CCZOXw2FcO5IkDA3V9,192.168.28.11,59543,255.255.255.255,8610,udp,,0 days 00:00:00.001745,32,0,S0,T,T,0,D,2,88,0,0,
2024-12-16 10:53:12.677310944,CMBNSUbu8ANoI4w36,192.168.28.229,40834,192.168.28.1,53,udp,dns,0 days 00:00:00.006742,33,49,SF,T,T,0,Dd,1,61,1,77,
2024-12-16 10:53:12.677392960,CTculOLi52Oh5PRVi,192.168.28.229,60448,192.168.28.1,53,udp,dns,0 days 00:00:00.006662,33,33,SF,T,T,0,Dd,1,61,1,61,
2024-12-16 10:52:34.715749979,CHbfkM1IEXcClyWk67,192.168.28.208,59737,255.255.255.255,8610,udp,,0 days 00:00:00.000003,32,0,S0,T,T,0,D,2,88,0,0,
2024-12-16 10:52:37.378691912,C1uweF2wzw4IJzo914,192.168.28.11,53923,255.255.255.255,8610,udp,,0 days 00:00:00.000005,32,0,S0,T,T,0,D,2,88,0,0,
2024-12-16 10:53:51.978858948,CqYNQLCBHDbGcHB5b,192.168.28.229,39343,192.168.28.1,53,udp,dns,0 days 00:00:00.007397,33,185,SF,T,T,0,Dd,1,61,1,213,
2024-12-16 10:53:51.979237080,CrR3IktUnj7dFHMD5,192.168.28.229,56965,192.168.28.1,53,udp,dns,0 days 00:00:00.007021,33,169,SF,T,T,0,Dd,1,61,1,197,
2024-12-16 10:53:06.460594893,Cq5xEx1zGCcRw37v9c,192.168.28.208,58819,255.255.255.255,8610,udp,,0 days 00:00:00.000003,32,0,S0,T,T,0,D,2,88,0,0,
2024-12-16 10:53:09.122854948,C082zf1pOQkzEBeJ89,192.168.28.11,50077,255.255.255.255,8610,udp,,0 days 00:00:00.000004,32,0,S0,T,T,0,D,2,88,0,0,
2024-12-16 10:53:38.204911947,CEwpYG3cK0MPU37748,192.168.28.208,61291,255.255.255.255,8610,udp,,0 days 00:00:00.000005,32,0,S0,T,T,0,D,2,88,0,0,
2024-12-16 10:53:40.867068052,CdBEJ03TNRjZaRsiBl,192.168.28.11,64205,255.255.255.255,8610,udp,,0 days 00:00:00.000004,32,0,S0,T,T,0,D,2,88,0,0,
2024-12-16 10:54:09.848841906,CwCcG1WESuVTKRSw9,192.168.28.208,49390,255.255.255.255,8610,udp,,0 days 00:00:00.000004,32,0,S0,T,T,0,D,2,88,0,0,
2024-12-16 10:54:12.611588955,Ch6sZs1juPdU9tonhg,192.168.28.11,61814,255.255.255.255,8610,udp,,0 days 00:00:00.000004,32,0,S0,T,T,0,D,2,88,0,0,
2024-12-16 10:55:06.478919029,C5o5ag29dt4JUjcQE9,192.168.28.29,5353,224.0.0.251,5353,udp,dns,0 days 00:00:00.000019,2048,0,S0,T,F,0,D,2,2104,0,0,
2024-12-16 10:55:20.666054010,CtJ9vl4NO8OMTFi952,192.168.28.229,49080,192.168.28.1,53,udp,dns,0 days 00:00:00.006531,49,49,SF,T,T,0,Dd,1,77,1,77,
2024-12-16 10:54:41.488810062,CFCgkv4iFhPT5MbtW6,192.168.28.208,58449,255.255.255.255,8610,udp,,0 days 00:00:00.000004,32,0,S0,T,T,0,D,2,88,0,0,
2024-12-16 10:54:44.355911016,CFzf3n2CLRHbokjUzd,192.168.28.11,53061,255.255.255.255,8610,udp,,0 days 00:00:00.000005,32,0,S0,T,T,0,D,2,88,0,0,
2024-12-16 10:55:38.125042915,CHmm2E2B2dGTs3wsn4,192.168.28.229,41524,192.168.28.1,53,udp,dns,0 days 00:00:00.006347,49,201,SF,T,T,0,Dd,1,77,1,229,
2024-12-16 10:55:43.061800003,C0355L2Gv7DoCN2t8j,192.168.28.229,49371,192.168.28.1,53,udp,dns,0 days 00:00:00.009139,47,383,SF,T,T,0,Dd,1,75,1,411,
2024-12-16 10:55:13.130961895,CH8lJ3MFGraREsRa8,192.168.28.208,52909,255.255.255.255,8610,udp,,0 days 00:00:00.000004,32,0,S0,T,T,0,D,2,88,0,0,
2024-12-16 10:55:15.999300957,CpcqdA2cHhgmQuNtyk,192.168.28.11,52098,255.255.255.255,8610,udp,,0 days 00:00:00.000001,32,0,S0,T,T,0,D,2,88,0,0,
2024-12-16 10:55:44.875353098,Cd0Nj43QffPkgaFive,192.168.28.208,60813,255.255.255.255,8610,udp,,0 days 00:00:00.000004,32,0,S0,T,T,0,D,2,88,0,0,
2024-12-16 10:55:47.744409084,CjNejPmO9oW8dBvEb,192.168.28.11,64747,255.255.255.255,8610,udp,,0 days 00:00:00.000004,32,0,S0,T,T,0,D,2,88,0,0,
2024-12-16 10:56:43.514153003,CgMKgN3JGTO1iKbMJ3,192.168.28.229,56747,192.168.28.1,53,udp,dns,0 days 00:00:00.007411,47,383,SF,T,T,0,Dd,1,75,1,411,
2024-12-16 10:56:55.844496965,Cl7EEB452BzbgW49Gg,192.168.28.229,40779,192.168.28.1,53,udp,dns,0 days 00:00:00.005790,46,46,SF,T,T,0,Dd,1,74,1,74,
2024-12-16 10:57:05.909147978,CGRSKWkugZ8JkBW9i,192.168.28.229,41566,192.168.28.1,53,udp,dns,0 days 00:00:00.004205,28,180,SF,T,T,0,Dd,1,56,1,208,
2024-12-16 10:56:16.723864079,C4s2cY2XaYOjyZnGQk,192.168.28.208,60355,255.255.255.255,8610,udp,,0 days 00:00:00.000004,32,0,S0,T,T,0,D,2,88,0,0,
2024-12-16 10:56:19.691831112,Ck3iR2334Pz8aBfXca,192.168.28.11,61307,255.255.255.255,8610,udp,,0 days 00:00:00.000005,32,0,S0,T,T,0,D,2,88,0,0,
2024-12-16 10:57:13.062158108,C5ggvH2CGIpZHRdIOg,192.168.28.229,36410,192.168.28.1,53,udp,dns,0 days 00:00:00.007816,47,239,SF,T,T,0,Dd,1,75,1,267,
2024-12-16 10:56:48.671417952,CO2aVtuoIOgkU7x5e,192.168.28.208,61287,255.255.255.255,8610,udp,,0 days 00:00:00.000004,32,0,S0,T,T,0,D,2,88,0,0,
2024-12-16 10:56:51.538583040,C7N5fa29UrVSo9PY74,192.168.28.11,61910,255.255.255.255,8610,udp,,0 days 00:00:00.000004,32,0,S0,T,T,0,D,2,88,0,0,
2024-12-16 10:57:23.387484074,CJenFt4ng9rfMotT85,192.168.28.11,54435,255.255.255.255,8610,udp,,0 days 00:00:00.000004,32,0,S0,T,T,0,D,2,88,0,0,
2024-12-16 10:58:26.677401066,CW54XX1I7o2seDRmAi,192.168.28.229,37384,192.168.28.1,53,udp,dns,0 days 00:00:00.005582,33,49,SF,T,T,0,Dd,1,61,1,77,
2024-12-16 10:58:26.677505016,CPB7xz27PyaZjDFPCa,192.168.28.229,33906,192.168.28.1,53,udp,dns,0 days 00:00:00.005480,33,33,SF,T,T,0,Dd,1,61,1,61,
2024-12-16 10:57:51.853050947,Cr31Jn4v29xOgyqcqd,192.168.28.208,53087,255.255.255.255,8610,udp,,0 days 00:00:00.000005,32,0,S0,T,T,0,D,2,88,0,0,
2024-12-16 10:57:55.131625891,CKhVTMhyu3whVe6e8,192.168.28.11,61836,255.255.255.255,8610,udp,,0 days 00:00:00.000001,32,0,S0,T,T,0,D,2,88,0,0,
2024-12-16 10:58:56.112818956,CnfG4Y2fq8NcfXWAHb,192.168.28.229,48180,192.168.28.1,53,udp,dns,0 days 00:00:00.004843,35,35,SF,T,T,0,Dd,1,63,1,63,
2024-12-16 10:58:23.495361090,CnXaet472Ouw8WQRtb,192.168.28.208,53530,255.255.255.255,8610,udp,,0 days 00:00:00.000004,32,0,S0,T,T,0,D,2,88,0,0,
2024-12-16 10:58:26.874337912,C9vn2U22Lv9xH0Pu02,192.168.28.11,59564,255.255.255.255,8610,udp,,0 days 00:00:00.000003,32,0,S0,T,T,0,D,2,88,0,0,
2024-12-16 10:58:55.138202906,CHyK1cW01i5LYg5Ug,192.168.28.208,64433,255.255.255.255,8610,udp,,0 days 00:00:00.000002,32,0,S0,T,T,0,D,2,88,0,0,
2024-12-16 10:58:58.621177912,CBbKEk4YLDuTp0kC9l,192.168.28.11,52657,255.255.255.255,8610,udp,,0 days 00:00:00.000005,32,0,S0,T,T,0,D,2,88,0,0,
